codigo;localidade;escolaridade_pai;sexo
1712;A;Medio;F
3409;B;Medio;F
1242;A;Superior;F
5269;C;Analfabeto;F
4051;B;Analfabeto;F
1291;A;Medio;M
4573;C;Superior;M
2858;B;Analfabeto;F
2301;B;Fundamental;F
5496;C;Fundamental;F
1572;A;Medio;M
4919;C;Medio;M
4840;C;Analfabeto;M
5717;C;Superior;M
4485;B;Fundamental;M
1212;A;Medio;F
1433;A;Fundamental;M
5852;C;Fundamental;M
3548;B;Medio;F
4384;B;Fundamental;M
3917;B;Fundamental;F
3187;B;Analfabeto;F
2840;B;Superior;F
5595;C;Medio;F
4699;C;Medio;F
5051;C;Medio;F
4631;C;Superior;M
5982;C;Fundamental;F
1002;A;Superior;M
2047;B;Fundamental;F
4532;C;Analfabeto;F
5674;C;Medio;M
3341;B;Superior;M
4551;C;Superior;M
3818;B;Fundamental;M
4625;C;Medio;M
1830;A;Superior;F
2131;B;Fundamental;F
5450;C;Analfabeto;M
3674;B;Fundamental;M
3019;B;Fundamental;M
4120;B;Fundamental;M
1927;A;Superior;F
5938;C;Medio;F
1636;A;Analfabeto;F
2712;B;Medio;F
1703;A;Medio;F
4737;C;Medio;M
1073;A;Fundamental;F
5599;C;Analfabeto;F
2346;B;Superior;M
3410;B;Fundamental;M
5194;C;Medio;M
3930;B;Medio;M
3897;B;Superior;M
1496;A;Fundamental;M
3058;B;Superior;F
2285;B;Medio;M
1862;A;Fundamental;F
3765;B;Medio;F
5524;C;Medio;M
5981;C;Analfabeto;F
4819;C;Analfabeto;F
2374;B;Analfabeto;M
2939;B;Superior;M
1825;A;Superior;F
3799;B;Superior;M
1816;A;Analfabeto;M
2468;B;Analfabeto;M
3077;B;Superior;M
1686;A;Superior;M
2436;B;Medio;M
1092;A;Superior;F
4313;B;Analfabeto;M
1948;A;Medio;F
3437;B;Medio;M
2199;B;Medio;M
5545;C;Analfabeto;M
1962;A;Analfabeto;F
1613;A;Fundamental;F
1763;A;Superior;F
2898;B;Superior;M
5582;C;Superior;F
3833;B;Analfabeto;M
2786;B;Fundamental;F
2485;B;Medio;F
4822;C;Superior;M
3998;B;Fundamental;M
4409;B;Medio;M
5324;C;Medio;F
2450;B;Analfabeto;F
4114;B;Fundamental;F
5211;C;Analfabeto;F
5872;C;Fundamental;M
5785;C;Analfabeto;M
1027;A;Fundamental;M
5536;C;Analfabeto;F
3093;B;Medio;M
2897;B;Superior;M
4091;B;Fundamental;F
4064;B;Fundamental;M
5190;C;Superior;F
5256;C;Analfabeto;M
2154;B;Fundamental;M
3882;B;Superior;M
4645;C;Analfabeto;F
2097;B;Superior;F
1055;A;Medio;F
4128;B;Fundamental;M
5873;C;Analfabeto;M
4789;C;Superior;F
3176;B;Medio;F
3536;B;Fundamental;M
2226;B;Superior;M
2805;B;Fundamental;F
5057;C;Superior;M
5845;C;Superior;F
2203;B;Superior;F
1979;A;Analfabeto;F
2031;B;Fundamental;M
1575;A;Superior;F
5475;C;Superior;F
5778;C;Superior;F
1381;A;Medio;M
2314;B;Superior;M
1897;A;Medio;M
1187;A;Superior;F
1436;A;Medio;M
5370;C;Medio;M
4123;B;Superior;M
5659;C;Medio;F
1191;A;Superior;M
1095;A;Medio;M
3447;B;Analfabeto;M
5749;C;Medio;M
1906;A;Superior;M
2328;B;Fundamental;M
5260;C;Fundamental;F
5564;C;Medio;F
2101;B;Fundamental;F
3555;B;Medio;F
4643;C;Superior;M
5407;C;Analfabeto;M
1819;A;Fundamental;M
1340;A;Superior;M
5514;C;Fundamental;F
4448;B;Superior;M
4317;B;Analfabeto;M
5090;C;Medio;F
1616;A;Medio;F
4634;C;Fundamental;M
5725;C;Medio;M
4292;B;Analfabeto;F
3817;B;Fundamental;M
5955;C;Fundamental;F
3072;B;Medio;M
4580;C;Medio;F
2266;B;Superior;M
3808;B;Fundamental;M
4795;C;Fundamental;F
4842;C;Superior;F
4215;B;Medio;F
4764;C;Medio;F
4606;C;Fundamental;M
2165;B;Medio;F
5530;C;Medio;F
5462;C;Medio;F
1890;A;Superior;M
5436;C;Fundamental;M
5722;C;Fundamental;F
5396;C;Medio;M
1681;A;Analfabeto;M
5107;C;Fundamental;F
3284;B;Analfabeto;F
5702;C;Fundamental;M
3392;B;Superior;F
4900;C;Medio;M
3596;B;Analfabeto;M
3081;B;Fundamental;F
5651;C;Medio;F
4626;C;Analfabeto;F
4524;C;Fundamental;M
5247;C;Fundamental;M
3063;B;Analfabeto;F
5501;C;Fundamental;F
4714;C;Medio;M
4962;C;Superior;F
1908;A;Analfabeto;M
1094;A;Medio;M
5732;C;Fundamental;M
1269;A;Superior;F
4843;C;Analfabeto;M
5556;C;Analfabeto;M
3246;B;Fundamental;M
5184;C;Medio;M
4967;C;Medio;M
3224;B;Analfabeto;M
2818;B;Fundamental;M
5771;C;Medio;M
2103;B;Superior;F
2181;B;Medio;M
3795;B;Superior;F
2152;B;Superior;M
4549;C;Analfabeto;M
5059;C;Medio;F
4767;C;Analfabeto;F
5583;C;Analfabeto;F
4214;B;Fundamental;M
1976;A;Superior;F
5963;C;Analfabeto;M
2325;B;Medio;M
4682;C;Analfabeto;M
2634;B;Superior;F
5028;C;Analfabeto;F
4729;C;Medio;F
2666;B;Medio;F
2010;B;Medio;F
2998;B;Analfabeto;M
1373;A;Medio;F
5225;C;Superior;F
4938;C;Superior;M
4345;B;Fundamental;M
2530;B;Fundamental;F
2464;B;Fundamental;M
4061;B;Analfabeto;M
2519;B;Analfabeto;F
1579;A;Analfabeto;M
2549;B;Superior;F
2018;B;Medio;M
5117;C;Superior;M
3742;B;Fundamental;F
2737;B;Superior;F
4804;C;Analfabeto;M
1417;A;Fundamental;F
4754;C;Medio;M
3323;B;Superior;F
2382;B;Superior;M
5337;C;Superior;M
3075;B;Medio;F
3559;B;Fundamental;M
3242;B;Analfabeto;M
4899;C;Fundamental;M
1699;A;Fundamental;F
4591;C;Fundamental;M
3578;B;Superior;M
4184;B;Superior;M
3448;B;Medio;F
1409;A;Superior;F
1420;A;Fundamental;F
3334;B;Medio;F
4388;B;Analfabeto;F
1086;A;Analfabeto;F
5597;C;Medio;M
4103;B;Analfabeto;M
5405;C;Fundamental;M
4176;B;Fundamental;F
5060;C;Superior;M
4668;C;Superior;M
3436;B;Analfabeto;M
1464;A;Medio;M
3907;B;Medio;F
3845;B;Analfabeto;F
2636;B;Medio;F
2547;B;Analfabeto;M
1277;A;Analfabeto;F
5856;C;Analfabeto;M
4055;B;Medio;F
4917;C;Medio;F
2982;B;Fundamental;M
4405;B;Superior;M
1624;A;Superior;M
4747;C;Superior;M
4828;C;Superior;M
4149;B;Analfabeto;M
4922;C;Superior;M
3009;B;Superior;F
5797;C;Analfabeto;M
4885;C;Analfabeto;F
1292;A;Medio;F
2276;B;Analfabeto;F
4073;B;Medio;M
1031;A;Fundamental;F
3517;B;Fundamental;M
5699;C;Medio;F
2618;B;Medio;M
2960;B;Fundamental;M
2125;B;Analfabeto;M
4067;B;Analfabeto;F
3921;B;Superior;F
3553;B;Superior;M
1267;A;Superior;F
4295;B;Analfabeto;M
5944;C;Superior;F
1030;A;Superior;M
5080;C;Fundamental;M
3717;B;Fundamental;M
2861;B;Fundamental;F
3496;B;Medio;F
3092;B;Fundamental;M
2415;B;Analfabeto;F
4944;C;Analfabeto;F
5925;C;Fundamental;F
4728;C;Medio;M
3524;B;Superior;F
5627;C;Analfabeto;M
1330;A;Superior;M
3158;B;Analfabeto;F
1151;A;Analfabeto;F
3661;B;Medio;M
1190;A;Superior;M
3090;B;Medio;M
4229;B;Fundamental;F
2964;B;Fundamental;M
2481;B;Medio;F
1677;A;Superior;F
5729;C;Medio;M
1920;A;Fundamental;M
2804;B;Superior;F
1688;A;Analfabeto;F
5413;C;Fundamental;F
3539;B;Superior;M
2294;B;Fundamental;M
2543;B;Analfabeto;M
4261;B;Medio;F
1349;A;Medio;M
2060;B;Medio;M
5129;C;Analfabeto;F
5609;C;Fundamental;M
1471;A;Fundamental;F
3237;B;Analfabeto;F
1245;A;Fundamental;M
1526;A;Fundamental;M
2717;B;Medio;F
5021;C;Medio;M
5143;C;Superior;F
3983;B;Fundamental;F
4529;C;Fundamental;F
2606;B;Fundamental;F
5792;C;Fundamental;F
2484;B;Fundamental;M
1631;A;Fundamental;M
2611;B;Analfabeto;F
5092;C;Medio;F
4282;B;Superior;F
5594;C;Analfabeto;F
4937;C;Analfabeto;F
1821;A;Superior;M
3135;B;Superior;M
4757;C;Analfabeto;M
2501;B;Fundamental;F
5992;C;Fundamental;F
5427;C;Fundamental;M
5263;C;Analfabeto;M
1915;A;Superior;F
5746;C;Fundamental;F
5541;C;Superior;F
1638;A;Fundamental;M
1842;A;Analfabeto;F
2171;B;Superior;M
2273;B;Analfabeto;M
4858;C;Superior;F
3396;B;Analfabeto;M
1503;A;Analfabeto;F
3546;B;Analfabeto;F
5014;C;Medio;M
1933;A;Medio;F
1533;A;Fundamental;F
1955;A;Analfabeto;M
1172;A;Fundamental;F
4915;C;Analfabeto;F
5941;C;Analfabeto;F
1289;A;Superior;M
3925;B;Superior;F
5235;C;Fundamental;F
5446;C;Analfabeto;M
4181;B;Medio;F
5760;C;Medio;M
1517;A;Superior;F
2752;B;Analfabeto;M
3644;B;Superior;F
3915;B;Fundamental;M
3164;B;Analfabeto;M
1139;A;Analfabeto;M
4277;B;Analfabeto;M
5068;C;Fundamental;F
3141;B;Medio;M
2102;B;Superior;M
3619;B;Medio;F
3425;B;Fundamental;F
2657;B;Analfabeto;F
1881;A;Superior;M
1114;A;Medio;F
2691;B;Superior;F
2333;B;Fundamental;F
3962;B;Analfabeto;F
2448;B;Superior;M
3945;B;Superior;F
4066;B;Superior;F
1815;A;Superior;F
3682;B;Superior;M
4959;C;Analfabeto;M
3762;B;Fundamental;M
3590;B;Medio;F
1994;A;Analfabeto;F
4314;B;Medio;F
2470;B;Superior;F
5458;C;Superior;F
4299;B;Fundamental;F
4180;B;Analfabeto;F
3074;B;Analfabeto;F
2335;B;Fundamental;F
5408;C;Medio;M
1848;A;Medio;M
5111;C;Fundamental;M
2749;B;Medio;M
2174;B;Medio;M
5325;C;Superior;M
4434;B;Fundamental;F
5116;C;Analfabeto;F
1280;A;Superior;F
4393;B;Medio;F
1042;A;Medio;M
4907;C;Medio;F
2847;B;Superior;F
4744;C;Superior;M
2212;B;Analfabeto;F
1832;A;Medio;F
3785;B;Superior;M
1705;A;Medio;M
4799;C;Medio;F
2642;B;Medio;F
5227;C;Superior;M
3992;B;Fundamental;M
4112;B;Medio;M
1312;A;Medio;M
2607;B;Medio;F
5385;C;Fundamental;F
1240;A;Superior;F
1294;A;Fundamental;M
5761;C;Fundamental;M
5657;C;Medio;F
4010;B;Fundamental;F
5262;C;Analfabeto;F
4020;B;Fundamental;F
2533;B;Analfabeto;M
4309;B;Analfabeto;F
3250;B;Analfabeto;M
2677;B;Fundamental;M
1851;A;Superior;F
1201;A;Medio;F
4986;C;Fundamental;M
3450;B;Fundamental;F
4041;B;Analfabeto;M
2577;B;Fundamental;M
1311;A;Fundamental;M
5301;C;Medio;M
3918;B;Fundamental;F
1860;A;Analfabeto;F
5723;C;Analfabeto;F
2650;B;Medio;F
4501;C;Fundamental;M
2063;B;Superior;F
5386;C;Fundamental;M
3434;B;Fundamental;M
1488;A;Superior;M
1620;A;Analfabeto;F
5205;C;Analfabeto;F
2765;B;Analfabeto;M
1001;A;Medio;F
4597;C;Medio;F
5273;C;Analfabeto;M
3810;B;Analfabeto;M
5425;C;Analfabeto;F
5940;C;Fundamental;M
4195;B;Superior;M
2157;B;Medio;M
4444;B;Fundamental;M
5336;C;Medio;F
3227;B;Medio;F
5499;C;Medio;F
5804;C;Fundamental;M
2540;B;Superior;F
5270;C;Fundamental;F
4443;B;Superior;M
4418;B;Analfabeto;F
2594;B;Medio;F
3812;B;Fundamental;M
4652;C;Fundamental;F
3052;B;Superior;F
1992;A;Superior;F
2119;B;Superior;M
3475;B;Analfabeto;M
2672;B;Superior;F
3731;B;Analfabeto;F
5000;C;Superior;M
5913;C;Analfabeto;M
4280;B;Superior;F
5200;C;Superior;M
2156;B;Analfabeto;F
1632;A;Superior;M
4892;C;Superior;F
5039;C;Superior;F
5951;C;Fundamental;F
3842;B;Fundamental;M
2828;B;Fundamental;M
5642;C;Superior;M
1840;A;Analfabeto;M
5978;C;Analfabeto;M
1607;A;Fundamental;M
5977;C;Medio;M
1009;A;Fundamental;F
1452;A;Analfabeto;M
1133;A;Superior;F
1098;A;Superior;F
2780;B;Medio;F
1275;A;Medio;F
5567;C;Superior;F
1800;A;Fundamental;F
5233;C;Fundamental;M
1936;A;Medio;M
5037;C;Medio;F
1276;A;Fundamental;F
4800;C;Superior;M
2936;B;Analfabeto;M
5490;C;Fundamental;F
3690;B;Medio;M
1886;A;Superior;F
5585;C;Fundamental;M
5743;C;Medio;M
3671;B;Analfabeto;M
2089;B;Superior;F
2684;B;Medio;M
5892;C;Medio;M
5429;C;Fundamental;M
5568;C;Analfabeto;M
5513;C;Analfabeto;F
3404;B;Fundamental;F
2944;B;Superior;F
5883;C;Medio;F
4026;B;Fundamental;F
3540;B;Fundamental;M
4531;C;Fundamental;F
1883;A;Medio;M
2622;B;Fundamental;M
3791;B;Analfabeto;F
1056;A;Analfabeto;M
3626;B;Analfabeto;F
3032;B;Analfabeto;M
1857;A;Medio;M
1370;A;Medio;M
1148;A;Medio;F
1038;A;Medio;M
3853;B;Superior;F
1925;A;Medio;F
4361;B;Superior;F
5236;C;Medio;M
5693;C;Analfabeto;F
4692;C;Analfabeto;F
1405;A;Fundamental;F
3283;B;Fundamental;M
3143;B;Superior;M
1165;A;Medio;F
2251;B;Superior;F
4208;B;Fundamental;F
2086;B;Superior;M
1372;A;Analfabeto;M
4213;B;Medio;F
4535;C;Superior;F
4961;C;Fundamental;M
5744;C;Fundamental;F
2645;B;Medio;M
2425;B;Medio;M
1429;A;Analfabeto;M
5580;C;Analfabeto;M
1017;A;Superior;M
5673;C;Analfabeto;M
5360;C;Superior;F
1026;A;Superior;F
5640;C;Analfabeto;F
2310;B;Fundamental;F
1033;A;Analfabeto;F
1061;A;Superior;M
4677;C;Superior;M
1751;A;Medio;M
1509;A;Fundamental;F
2646;B;Fundamental;M
4756;C;Superior;F
5162;C;Medio;M
4901;C;Fundamental;M
5076;C;Superior;M
1168;A;Analfabeto;F
2178;B;Superior;M
1551;A;Medio;F
5620;C;Superior;M
4788;C;Superior;M
4493;B;Analfabeto;M
5166;C;Analfabeto;M
2274;B;Fundamental;F
5344;C;Superior;M
3891;B;Medio;M
2652;B;Superior;F
1596;A;Analfabeto;M
5775;C;Medio;M
5648;C;Medio;F
2257;B;Analfabeto;M
5745;C;Analfabeto;F
5875;C;Superior;M
1790;A;Superior;M
2716;B;Fundamental;F
5011;C;Medio;M
1570;A;Superior;F
4612;C;Analfabeto;M
2272;B;Superior;F
5213;C;Fundamental;F
2012;B;Analfabeto;M
5255;C;Fundamental;M
2720;B;Analfabeto;M
4325;B;Fundamental;M
1954;A;Superior;F
4334;B;Analfabeto;M
1301;A;Fundamental;M
4272;B;Medio;M
5350;C;Superior;F
5901;C;Analfabeto;M
3020;B;Medio;M
1198;A;Medio;M
4005;B;Medio;M
1528;A;Superior;F
4504;C;Fundamental;F
4027;B;Superior;F
1071;A;Medio;M
1015;A;Analfabeto;F
5947;C;Fundamental;M
5339;C;Analfabeto;F
3427;B;Fundamental;M
2277;B;Superior;M
3331;B;Analfabeto;F
4898;C;Superior;F
4683;C;Analfabeto;M
5759;C;Medio;M
5964;C;Fundamental;M
4702;C;Analfabeto;F
1075;A;Analfabeto;M
3002;B;Superior;F
3754;B;Medio;F
5897;C;Fundamental;M
3206;B;Medio;F
4024;B;Analfabeto;M
3069;B;Fundamental;M
5469;C;Analfabeto;M
4366;B;Superior;M
4352;B;Superior;M
2100;B;Superior;M
3368;B;Medio;M
2822;B;Analfabeto;M
5444;C;Medio;F
1469;A;Fundamental;F
1108;A;Fundamental;M
5221;C;Medio;M
4515;C;Fundamental;M
5244;C;Superior;M
5864;C;Fundamental;F
4173;B;Analfabeto;M
3029;B;Superior;F
5859;C;Medio;M
3213;B;Fundamental;F
3830;B;Fundamental;M
5075;C;Superior;M
2849;B;Analfabeto;M
2605;B;Medio;F
2238;B;Medio;F
3740;B;Fundamental;F
3723;B;Medio;F
2232;B;Superior;M
2217;B;Medio;F
4793;C;Superior;M
1978;A;Analfabeto;F
4570;C;Fundamental;M
1243;A;Fundamental;F
4897;C;Medio;M
1869;A;Fundamental;M
1891;A;Superior;M
4141;B;Analfabeto;M
5637;C;Medio;M
5417;C;Fundamental;F
5548;C;Medio;F
4704;C;Medio;M
1899;A;Medio;M
3502;B;Fundamental;F
1959;A;Medio;M
1782;A;Fundamental;M
5983;C;Medio;M
4357;B;Fundamental;M
3604;B;Analfabeto;M
4948;C;Analfabeto;M
1530;A;Medio;M
2552;B;Fundamental;M
3846;B;Analfabeto;F
3361;B;Fundamental;F
3296;B;Fundamental;M
5748;C;Medio;F
3435;B;Fundamental;F
2900;B;Medio;F
4212;B;Fundamental;M
3942;B;Analfabeto;F
2825;B;Medio;F
3848;B;Fundamental;F
2062;B;Medio;F
4433;B;Fundamental;F
3408;B;Fundamental;M
4406;B;Fundamental;F
2837;B;Analfabeto;M
5351;C;Fundamental;M
4488;B;Medio;F
1043;A;Fundamental;M
4824;C;Medio;F
2925;B;Medio;F
3601;B;Analfabeto;F
4868;C;Fundamental;M
2284;B;Fundamental;F
4624;C;Fundamental;M
4481;B;Analfabeto;F
2117;B;Medio;F
3060;B;Fundamental;F
2000;B;Fundamental;F
2230;B;Fundamental;F
2044;B;Analfabeto;M
2355;B;Fundamental;F
1543;A;Fundamental;F
1808;A;Medio;F
4854;C;Superior;M
1850;A;Superior;F
5577;C;Fundamental;M
4538;C;Analfabeto;F
3852;B;Analfabeto;M
5936;C;Medio;F
5216;C;Superior;M
4583;C;Superior;F
3868;B;Superior;M
5510;C;Analfabeto;M
5828;C;Analfabeto;F
4965;C;Analfabeto;M
5979;C;Superior;F
4715;C;Fundamental;F
1296;A;Medio;M
2392;B;Analfabeto;F
4385;B;Analfabeto;M
2842;B;Medio;M
5261;C;Analfabeto;F
2743;B;Medio;M
3452;B;Medio;F
1088;A;Medio;M
2345;B;Analfabeto;M
5230;C;Fundamental;F
2240;B;Fundamental;M
1322;A;Fundamental;M
5390;C;Superior;M
3631;B;Fundamental;F
4856;C;Analfabeto;F
3823;B;Analfabeto;F
1988;A;Analfabeto;M
2323;B;Fundamental;M
3183;B;Fundamental;F
4862;C;Medio;F
3498;B;Medio;F
2408;B;Analfabeto;F
3632;B;Fundamental;M
1802;A;Analfabeto;M
1833;A;Analfabeto;F
3121;B;Fundamental;F
1257;A;Superior;F
1700;A;Analfabeto;M
1083;A;Medio;F
3152;B;Analfabeto;M
1258;A;Fundamental;M
4638;C;Superior;F
2248;B;Fundamental;M
4681;C;Analfabeto;M
1238;A;Superior;F
4602;C;Analfabeto;F
5074;C;Fundamental;M
1087;A;Superior;F
3393;B;Analfabeto;M
1235;A;Analfabeto;M
3899;B;Superior;M
1745;A;Superior;M
5773;C;Fundamental;M
3001;B;Analfabeto;F
1938;A;Superior;F
2654;B;Analfabeto;M
3080;B;Fundamental;F
5323;C;Fundamental;M
1975;A;Superior;M
3414;B;Fundamental;M
4749;C;Superior;F
5215;C;Fundamental;M
2367;B;Fundamental;F
4792;C;Superior;F
4873;C;Superior;F
5509;C;Superior;F
1006;A;Medio;F
1491;A;Fundamental;F
1911;A;Medio;M
2278;B;Medio;F
3802;B;Analfabeto;F
3469;B;Medio;F
1560;A;Medio;F
4057;B;Analfabeto;F
3267;B;Superior;F
4527;C;Superior;F
1498;A;Medio;M
5481;C;Medio;F
2291;B;Superior;M
4963;C;Fundamental;F
3034;B;Superior;M
1175;A;Medio;M
5689;C;Medio;F
4241;B;Fundamental;F
5740;C;Medio;F
4718;C;Analfabeto;F
4271;B;Medio;M
3346;B;Medio;M
5593;C;Superior;F
1223;A;Analfabeto;M
2254;B;Medio;M
3798;B;Fundamental;M
4600;C;Fundamental;F
4028;B;Fundamental;F
5672;C;Analfabeto;F
3625;B;Analfabeto;M
2255;B;Medio;F
2072;B;Fundamental;F
2667;B;Superior;M
5127;C;Medio;M
5762;C;Fundamental;F
4460;B;Medio;F
2222;B;Medio;F
4935;C;Analfabeto;F
2287;B;Superior;M
1744;A;Medio;M
5818;C;Superior;F
4440;B;Analfabeto;M
4579;C;Analfabeto;F
1395;A;Superior;M
1853;A;Medio;F
4989;C;Medio;M
5715;C;Medio;M
3953;B;Medio;M
5934;C;Medio;M
3337;B;Analfabeto;F
4610;C;Fundamental;M
3417;B;Analfabeto;M
4094;B;Analfabeto;M
4528;C;Fundamental;M
1388;A;Analfabeto;F
5616;C;Analfabeto;M
5281;C;Superior;M
4251;B;Analfabeto;F
5022;C;Superior;M
2289;B;Fundamental;F
5207;C;Medio;M
3314;B;Analfabeto;F
3124;B;Superior;M
4464;B;Analfabeto;M
3335;B;Medio;F
5069;C;Medio;M
5798;C;Analfabeto;F
3829;B;Medio;F
2808;B;Superior;M
3514;B;Fundamental;M
2502;B;Superior;M
1893;A;Fundamental;M
4592;C;Analfabeto;M
3204;B;Medio;M
5604;C;Superior;M
1091;A;Analfabeto;F
5943;C;Fundamental;F
4323;B;Medio;M
4268;B;Fundamental;F
2599;B;Fundamental;M
2771;B;Fundamental;F
3630;B;Analfabeto;M
1674;A;Medio;F
2713;B;Medio;F
3492;B;Medio;M
1968;A;Medio;M
3639;B;Superior;M
5602;C;Medio;M
2740;B;Fundamental;M
2135;B;Fundamental;F
5279;C;Medio;M
1748;A;Superior;M
1418;A;Superior;F
5176;C;Medio;F
4380;B;Analfabeto;F
2279;B;Fundamental;F
2129;B;Medio;F
1536;A;Analfabeto;M
2809;B;Analfabeto;F
2796;B;Medio;F
1540;A;Medio;F
2754;B;Superior;F
1539;A;Medio;F
3568;B;Fundamental;F
2019;B;Superior;M
3866;B;Fundamental;F
4219;B;Fundamental;M
3675;B;Superior;M
2661;B;Analfabeto;F
4497;B;Analfabeto;F
4782;C;Analfabeto;M
5687;C;Fundamental;M
2375;B;Medio;F
5906;C;Medio;M
4973;C;Analfabeto;F
5505;C;Fundamental;F
4637;C;Superior;F
5528;C;Fundamental;M
4738;C;Medio;M
1661;A;Fundamental;F
5975;C;Superior;F
2359;B;Analfabeto;F
1113;A;Superior;M
3527;B;Medio;M
3327;B;Medio;M
5041;C;Superior;F
3600;B;Fundamental;M
2555;B;Medio;M
4243;B;Medio;M
5133;C;Fundamental;F
2836;B;Superior;F
3497;B;Superior;F
1234;A;Medio;M
3862;B;Medio;F
1662;A;Medio;M
5083;C;Superior;F
4086;B;Analfabeto;M
3428;B;Medio;M
4203;B;Analfabeto;F
2140;B;Medio;M
4607;C;Fundamental;F
5508;C;Superior;F
2794;B;Medio;M
3119;B;Fundamental;M
2360;B;Analfabeto;M
2048;B;Fundamental;M
5694;C;Fundamental;F
5606;C;Superior;F
4004;B;Analfabeto;F
1597;A;Analfabeto;F
5153;C;Superior;F
4414;B;Superior;M
1721;A;Analfabeto;F
5024;C;Medio;F
2250;B;Fundamental;F
1984;A;Analfabeto;F
3906;B;Superior;M
2575;B;Medio;M
5470;C;Medio;M
5120;C;Analfabeto;M
4581;C;Superior;M
3658;B;Analfabeto;M
2380;B;Analfabeto;F
1990;A;Superior;M
1158;A;Fundamental;F
5401;C;Superior;F
3665;B;Fundamental;M
5125;C;Superior;F
2578;B;Fundamental;M
3636;B;Fundamental;M
5343;C;Superior;M
4879;C;Superior;M
4559;C;Superior;F
1667;A;Medio;M
5931;C;Analfabeto;M
4133;B;Superior;F
2538;B;Analfabeto;M
1093;A;Analfabeto;M
4147;B;Medio;M
2685;B;Analfabeto;F
2733;B;Superior;M
4291;B;Medio;F
1281;A;Medio;F
4462;B;Analfabeto;M
5338;C;Fundamental;M
4471;B;Medio;F
2243;B;Superior;F
4236;B;Analfabeto;M
3562;B;Fundamental;M
4787;C;Fundamental;F
1205;A;Analfabeto;M
3796;B;Analfabeto;M
2768;B;Analfabeto;F
1045;A;Fundamental;F
3168;B;Analfabeto;F
3620;B;Analfabeto;M
4360;B;Superior;M
2544;B;Superior;F
3044;B;Superior;F
2088;B;Fundamental;M
3782;B;Analfabeto;F
5312;C;Fundamental;F
1361;A;Fundamental;M
5258;C;Medio;F
5029;C;Analfabeto;M
3112;B;Fundamental;F
1557;A;Medio;M
1482;A;Medio;F
4142;B;Superior;M
5907;C;Superior;M
3355;B;Superior;F
5533;C;Fundamental;F
1685;A;Medio;F
5519;C;Fundamental;F
1018;A;Analfabeto;M
3538;B;Analfabeto;F
1987;A;Analfabeto;M
2981;B;Medio;M
3376;B;Superior;F
3245;B;Analfabeto;M
2784;B;Superior;F
5882;C;Fundamental;M
2593;B;Superior;M
3191;B;Superior;M
2326;B;Analfabeto;M
5980;C;Analfabeto;M
1617;A;Analfabeto;F
1150;A;Medio;F
2445;B;Medio;F
5484;C;Superior;M
2026;B;Analfabeto;F
5879;C;Fundamental;F
2923;B;Fundamental;F
2109;B;Superior;M
2922;B;Analfabeto;M
3709;B;Analfabeto;M
2482;B;Analfabeto;F
5104;C;Superior;F
4881;C;Medio;F
4257;B;Medio;M
1912;A;Superior;M
5453;C;Superior;M
5954;C;Superior;F
5491;C;Fundamental;M
1739;A;Analfabeto;M
1441;A;Analfabeto;M
5841;C;Fundamental;F
3235;B;Superior;F
4500;C;Medio;M
4582;C;Analfabeto;M
4492;B;Medio;F
3860;B;Fundamental;M
5108;C;Superior;M
3940;B;Fundamental;F
1972;A;Fundamental;M
5433;C;Medio;F
4022;B;Superior;M
2460;B;Superior;M
1453;A;Superior;M
3371;B;Superior;F
1874;A;Fundamental;F
1365;A;Fundamental;F
4435;B;Medio;M
4279;B;Analfabeto;F
2153;B;Analfabeto;M
4933;C;Fundamental;M
5991;C;Superior;M
4733;C;Analfabeto;M
5918;C;Fundamental;M
5277;C;Medio;F
5477;C;Medio;M
2265;B;Superior;F
5023;C;Medio;F
5222;C;Superior;M
4971;C;Fundamental;F
5420;C;Fundamental;M
3926;B;Medio;M
5285;C;Analfabeto;F
4043;B;Superior;M
4262;B;Superior;M
2362;B;Medio;M
2979;B;Fundamental;M
5402;C;Analfabeto;M
1035;A;Fundamental;M
1868;A;Fundamental;M
1423;A;Medio;M
1921;A;Analfabeto;F
5224;C;Superior;M
4768;C;Analfabeto;M
4615;C;Analfabeto;F
4182;B;Superior;M
5187;C;Fundamental;F
2728;B;Fundamental;M
4442;B;Analfabeto;M
1792;A;Superior;M
2537;B;Medio;F
2613;B;Medio;M
4649;C;Analfabeto;F
2736;B;Analfabeto;F
1736;A;Superior;M
5374;C;Fundamental;F
4806;C;Fundamental;M
5663;C;Superior;M
1324;A;Superior;F
4077;B;Superior;M
4808;C;Medio;M
3576;B;Analfabeto;F
2715;B;Analfabeto;M
3146;B;Medio;F
2924;B;Superior;F
4662;C;Superior;M
1375;A;Fundamental;F
3247;B;Fundamental;M
1435;A;Fundamental;F
5214;C;Superior;F
5522;C;Medio;F
5827;C;Superior;M
4572;C;Superior;F
5112;C;Fundamental;M
2850;B;Medio;M
3116;B;Superior;F
5073;C;Medio;F
2054;B;Superior;M
3333;B;Medio;F
4288;B;Analfabeto;F
1028;A;Analfabeto;F
2702;B;Fundamental;F
1907;A;Medio;M
2073;B;Analfabeto;F
1701;A;Superior;M
4311;B;Analfabeto;F
3461;B;Superior;M
3889;B;Analfabeto;F
1040;A;Medio;F
5614;C;Analfabeto;M
1960;A;Analfabeto;M
5048;C;Medio;M
1120;A;Medio;M
4947;C;Medio;F
2761;B;Fundamental;M
3040;B;Superior;M
2021;B;Analfabeto;M
5289;C;Medio;M
5189;C;Medio;M
1621;A;Superior;F
3552;B;Superior;M
2873;B;Analfabeto;M
5121;C;Medio;F
1049;A;Fundamental;M
1634;A;Fundamental;M
5459;C;Superior;M
2680;B;Superior;F
3299;B;Superior;M
2194;B;Medio;M
5768;C;Medio;F
1791;A;Superior;M
4441;B;Medio;F
5830;C;Fundamental;F
3743;B;Superior;M
4078;B;Fundamental;M
2523;B;Analfabeto;F
3820;B;Fundamental;M
5780;C;Superior;F
4556;C;Analfabeto;F
3879;B;Superior;F
3797;B;Medio;F
3790;B;Medio;F
2525;B;Superior;F
3642;B;Superior;M
4696;C;Medio;F
2688;B;Superior;F
4158;B;Medio;F
1260;A;Analfabeto;F
5472;C;Fundamental;M
1246;A;Medio;F
3269;B;Medio;M
1993;A;Analfabeto;M
3403;B;Superior;M
4014;B;Fundamental;F
2992;B;Superior;M
5537;C;Medio;F
4359;B;Medio;M
3200;B;Medio;F
2143;B;Superior;M
3287;B;Medio;F
3234;B;Medio;M
3272;B;Superior;F
1421;A;Analfabeto;M
3544;B;Superior;F
2869;B;Fundamental;F
1130;A;Medio;F
5353;C;Fundamental;M
2692;B;Superior;F
5591;C;Superior;M
3430;B;Medio;M
1308;A;Analfabeto;M
5309;C;Analfabeto;M
2539;B;Medio;F
1578;A;Fundamental;F
5516;C;Medio;F
4931;C;Fundamental;F
2931;B;Analfabeto;M
3035;B;Fundamental;M
4627;C;Analfabeto;M
4424;B;Medio;F
4722;C;Analfabeto;F
5494;C;Superior;F
2025;B;Analfabeto;M
5739;C;Analfabeto;F
2439;B;Superior;M
3151;B;Medio;F
4351;B;Medio;M
3468;B;Fundamental;M
1118;A;Analfabeto;F
4373;B;Analfabeto;M
1538;A;Fundamental;M
5884;C;Analfabeto;F
3026;B;Superior;F
3418;B;Medio;M
5816;C;Superior;F
5795;C;Fundamental;M
1878;A;Superior;M
4063;B;Medio;F
3861;B;Fundamental;F
5093;C;Medio;F
1337;A;Analfabeto;M
2146;B;Medio;M
3453;B;Medio;F
4009;B;Analfabeto;F
4242;B;Analfabeto;F
5356;C;Fundamental;F
3705;B;Fundamental;M
1940;A;Analfabeto;F
2091;B;Medio;M
5009;C;Medio;F
2242;B;Superior;M
2282;B;Fundamental;M
1023;A;Analfabeto;M
5489;C;Superior;F
1640;A;Superior;M
4136;B;Analfabeto;M
4790;C;Superior;F
4613;C;Analfabeto;M
3470;B;Analfabeto;F
5504;C;Fundamental;F
5921;C;Medio;M
5922;C;Fundamental;F
3328;B;Analfabeto;F
1905;A;Medio;M
1750;A;Analfabeto;F
5206;C;Analfabeto;F
2845;B;Analfabeto;M
2313;B;Analfabeto;F
1264;A;Superior;F
1764;A;Medio;F
5665;C;Analfabeto;F
1783;A;Medio;M
1209;A;Superior;F
2319;B;Fundamental;M
4283;B;Fundamental;M
5701;C;Superior;M
1090;A;Superior;M
1207;A;Medio;F
4825;C;Superior;M
1781;A;Analfabeto;M
3343;B;Superior;M
4354;B;Analfabeto;M
5535;C;Medio;M
5492;C;Superior;F
2542;B;Fundamental;F
2949;B;Analfabeto;M
5165;C;Medio;F
1282;A;Fundamental;F
5826;C;Medio;M
5765;C;Fundamental;F
2416;B;Fundamental;M
3758;B;Superior;M
4397;B;Fundamental;F
4367;B;Medio;M
1552;A;Analfabeto;M
3402;B;Fundamental;M
4217;B;Superior;M
3211;B;Medio;F
3878;B;Analfabeto;F
2123;B;Medio;M
2446;B;Superior;F
1717;A;Superior;M
5473;C;Analfabeto;F
1623;A;Medio;M
4666;C;Superior;M
3760;B;Superior;F
4079;B;Analfabeto;F
1581;A;Medio;F
4084;B;Medio;F
1826;A;Analfabeto;M
4942;C;Analfabeto;F
1467;A;Analfabeto;F
3513;B;Superior;F
3911;B;Analfabeto;F
1446;A;Medio;M
2081;B;Analfabeto;F
2887;B;Fundamental;M
5062;C;Medio;M
3763;B;Medio;M
2423;B;Medio;M
2121;B;Medio;M
2866;B;Fundamental;F
3909;B;Medio;F
5358;C;Medio;M
1233;A;Superior;M
4148;B;Fundamental;M
5049;C;Medio;F
2625;B;Superior;M
3873;B;Analfabeto;F
2802;B;Superior;M
5949;C;Fundamental;M
1646;A;Medio;M
5615;C;Analfabeto;M
4621;C;Superior;F
2216;B;Fundamental;M
4568;C;Medio;F
5540;C;Fundamental;M
4197;B;Fundamental;M
3597;B;Fundamental;F
4708;C;Superior;F
3182;B;Superior;M
1176;A;Superior;M
2187;B;Analfabeto;M
5753;C;Analfabeto;M
4630;C;Superior;M
1252;A;Fundamental;M
5474;C;Analfabeto;M
3108;B;Fundamental;F
1966;A;Medio;M
3209;B;Fundamental;M
3145;B;Analfabeto;F
4773;C;Analfabeto;M
1323;A;Analfabeto;F
1005;A;Fundamental;F
4379;B;Superior;F
4755;C;Analfabeto;M
2079;B;Analfabeto;F
5461;C;Medio;F
1445;A;Superior;F
2503;B;Medio;F
3244;B;Superior;M
3350;B;Fundamental;M
4260;B;Medio;F
3319;B;Superior;F
5026;C;Superior;F
5908;C;Analfabeto;M
2928;B;Fundamental;M
3580;B;Superior;M
4877;C;Superior;M
1458;A;Fundamental;M
3156;B;Fundamental;M
1776;A;Fundamental;M
3803;B;Analfabeto;M
5870;C;Medio;M
4851;C;Fundamental;F
5303;C;Superior;F
2557;B;Medio;M
2604;B;Superior;F
1884;A;Superior;F
5033;C;Analfabeto;M
3047;B;Medio;F
4628;C;Analfabeto;F
3348;B;Analfabeto;M
4316;B;Superior;F
5633;C;Medio;M
1273;A;Medio;F
1338;A;Analfabeto;M
3890;B;Fundamental;M
4889;C;Medio;M
5488;C;Medio;F
1615;A;Fundamental;M
5735;C;Superior;M
4371;B;Medio;M
2349;B;Fundamental;F
5414;C;Analfabeto;M
4034;B;Medio;F
4209;B;Analfabeto;M
3656;B;Analfabeto;F
5867;C;Fundamental;M
5728;C;Fundamental;M
3694;B;Fundamental;M
3175;B;Fundamental;F
3118;B;Fundamental;M
1602;A;Superior;M
3531;B;Medio;M
5152;C;Medio;F
5371;C;Medio;F
4083;B;Analfabeto;F
3055;B;Superior;M
3654;B;Superior;F
2458;B;Analfabeto;F
5137;C;Fundamental;F
2870;B;Analfabeto;M
3258;B;Analfabeto;M
4509;C;Fundamental;M
4329;B;Fundamental;M
1394;A;Analfabeto;F
1630;A;Medio;F
4888;C;Analfabeto;M
3130;B;Superior;F
3136;B;Medio;F
2213;B;Fundamental;F
1577;A;Analfabeto;M
5688;C;Medio;F
2234;B;Superior;F
2953;B;Medio;M
2810;B;Analfabeto;F
1334;A;Superior;F
5274;C;Fundamental;F
4820;C;Analfabeto;F
2954;B;Fundamental;M
3079;B;Fundamental;M
1363;A;Analfabeto;M
3025;B;Analfabeto;F
3746;B;Medio;F
1254;A;Medio;M
4177;B;Fundamental;M
2297;B;Medio;M
5662;C;Fundamental;F
1757;A;Medio;M
4496;B;Medio;F
3776;B;Superior;M
4902;C;Superior;M
4154;B;Fundamental;M
2815;B;Medio;F
1554;A;Analfabeto;M
2793;B;Medio;F
5155;C;Medio;M
2480;B;Superior;M
5706;C;Fundamental;M
4676;C;Fundamental;M
4426;B;Fundamental;F
4109;B;Analfabeto;F
5328;C;Analfabeto;F
5308;C;Medio;M
1644;A;Fundamental;M
3730;B;Fundamental;F
4344;B;Medio;F
2725;B;Fundamental;M
2016;B;Medio;M
5608;C;Medio;F
3967;B;Medio;M
2914;B;Medio;F
5044;C;Medio;M
3008;B;Medio;F
1317;A;Fundamental;F
1065;A;Fundamental;M
5313;C;Superior;F
5587;C;Fundamental;M
3702;B;Fundamental;M
5456;C;Fundamental;F
4033;B;Superior;F
1216;A;Analfabeto;M
2270;B;Analfabeto;M
4011;B;Medio;M
5432;C;Medio;F
5082;C;Analfabeto;M
2548;B;Analfabeto;M
1305;A;Medio;F
5031;C;Analfabeto;F
3551;B;Medio;M
3442;B;Fundamental;F
5379;C;Medio;F
3685;B;Analfabeto;F
3478;B;Analfabeto;M
1973;A;Fundamental;M
1680;A;Fundamental;F
3365;B;Superior;M
1134;A;Superior;M
3943;B;Medio;F
1929;A;Analfabeto;M
2719;B;Fundamental;M
2505;B;Superior;F
1537;A;Superior;M
1285;A;Analfabeto;F
1079;A;Medio;F
5890;C;Analfabeto;M
3980;B;Fundamental;M
3652;B;Superior;F
4364;B;Superior;M
5521;C;Analfabeto;F
3857;B;Medio;M
1592;A;Fundamental;M
3336;B;Superior;F
3286;B;Superior;F
3390;B;Superior;M
3761;B;Analfabeto;M
5676;C;Superior;F
2732;B;Superior;M
4346;B;Analfabeto;F
2402;B;Medio;M
2235;B;Analfabeto;M
5506;C;Superior;F
2303;B;Superior;F
5243;C;Medio;M
4859;C;Fundamental;F
2895;B;Fundamental;F
5697;C;Fundamental;F
4709;C;Analfabeto;F
3641;B;Fundamental;M
5549;C;Superior;F
2560;B;Analfabeto;M
2411;B;Analfabeto;F
1346;A;Medio;F
3311;B;Fundamental;M
1350;A;Medio;F
1817;A;Medio;F
4223;B;Superior;M
2735;B;Medio;M
4090;B;Medio;M
2020;B;Analfabeto;M
1012;A;Medio;M
1709;A;Superior;F
4506;C;Medio;F
4526;C;Fundamental;F
3599;B;Fundamental;M
3356;B;Fundamental;M
2734;B;Superior;M
1810;A;Medio;F
3179;B;Fundamental;F
1449;A;Fundamental;M
3629;B;Medio;M
1799;A;Fundamental;F
1078;A;Analfabeto;M
2609;B;Fundamental;F
1856;A;Fundamental;M
2475;B;Fundamental;F
3201;B;Analfabeto;M
4342;B;Fundamental;M
2920;B;Medio;M
4310;B;Medio;F
3231;B;Medio;M
2910;B;Medio;M
2669;B;Fundamental;F
2368;B;Superior;M
5424;C;Analfabeto;F
1169;A;Superior;M
5171;C;Medio;M
4075;B;Medio;F
2871;B;Analfabeto;M
5578;C;Fundamental;M
1785;A;Analfabeto;M
4013;B;Analfabeto;F
5547;C;Medio;F
1708;A;Fundamental;F
5316;C;Superior;M
2588;B;Fundamental;M
2637;B;Medio;F
3197;B;Analfabeto;F
1507;A;Superior;M
3591;B;Fundamental;M
2029;B;Medio;F
3455;B;Fundamental;F
4594;C;Analfabeto;M
4939;C;Fundamental;F
3875;B;Superior;M
3598;B;Superior;M
3281;B;Medio;F
3338;B;Superior;F
4126;B;Superior;F
5088;C;Medio;M
2724;B;Fundamental;F
4595;C;Superior;M
4454;B;Fundamental;F
2223;B;Medio;M
4909;C;Superior;M
5139;C;Superior;F
3822;B;Medio;F
4137;B;Analfabeto;M
4837;C;Superior;M
5710;C;Fundamental;F
1865;A;Fundamental;M
1393;A;Fundamental;F
5295;C;Superior;F
3773;B;Medio;M
5223;C;Fundamental;F
5254;C;Medio;M
1052;A;Fundamental;F
3692;B;Medio;F
2627;B;Medio;M
1682;A;Analfabeto;F
4002;B;Superior;F
2950;B;Analfabeto;F
1567;A;Fundamental;M
2807;B;Fundamental;F
5857;C;Fundamental;M
3275;B;Medio;F
5228;C;Fundamental;M
3611;B;Analfabeto;F
5314;C;Medio;F
5542;C;Fundamental;F
1728;A;Analfabeto;F
2757;B;Fundamental;M
3928;B;Fundamental;F
1786;A;Superior;M
3037;B;Medio;M
4987;C;Medio;F
4797;C;Fundamental;M
3370;B;Analfabeto;M
4450;B;Analfabeto;F
5581;C;Analfabeto;M
3752;B;Superior;F
2857;B;Analfabeto;F
3127;B;Medio;F
3837;B;Fundamental;F
2640;B;Superior;F
1651;A;Superior;F
2053;B;Analfabeto;F
4394;B;Medio;F
2105;B;Analfabeto;M
3981;B;Medio;F
4816;C;Analfabeto;M
1128;A;Fundamental;F
3150;B;Fundamental;M
3518;B;Fundamental;M
1403;A;Superior;F
1713;A;Medio;F
5167;C;Fundamental;M
2130;B;Analfabeto;F
4672;C;Fundamental;M
3978;B;Analfabeto;M
1391;A;Fundamental;F
1566;A;Fundamental;F
2829;B;Analfabeto;F
2584;B;Fundamental;M
4763;C;Medio;F
3666;B;Fundamental;M
2327;B;Fundamental;F
1956;A;Superior;M
3638;B;Fundamental;F
1818;A;Fundamental;F
1611;A;Medio;F
4712;C;Superior;F
4025;B;Medio;M
2008;B;Superior;F
2003;B;Analfabeto;M
2674;B;Superior;F
3015;B;Analfabeto;M
3831;B;Fundamental;M
3087;B;Fundamental;F
4997;C;Fundamental;F
1914;A;Medio;F
4199;B;Medio;M
3459;B;Superior;F
3827;B;Analfabeto;F
1515;A;Fundamental;F
3003;B;Superior;M
1747;A;Analfabeto;M
1050;A;Analfabeto;F
3869;B;Medio;M
3389;B;Analfabeto;F
4514;C;Superior;M
5962;C;Analfabeto;F
1895;A;Fundamental;F
1163;A;Medio;F
1548;A;Analfabeto;F
1820;A;Superior;M
2659;B;Fundamental;M
2051;B;Fundamental;M
3947;B;Medio;F
2144;B;Superior;M
4614;C;Medio;F
4651;C;Superior;M
1143;A;Superior;F
5904;C;Superior;M
4599;C;Superior;M
2983;B;Analfabeto;M
1109;A;Fundamental;F
4657;C;Superior;F
1215;A;Superior;F
5253;C;Medio;F
2755;B;Medio;M
2968;B;Medio;M
2908;B;Fundamental;M
1762;A;Medio;F
5248;C;Analfabeto;F
1642;A;Analfabeto;F
3500;B;Superior;M
2927;B;Superior;M
4741;C;Medio;F
2641;B;Analfabeto;F
3813;B;Superior;M
4052;B;Medio;M
5622;C;Medio;F
1861;A;Medio;M
2817;B;Fundamental;F
2356;B;Analfabeto;M
2739;B;Fundamental;M
3563;B;Fundamental;M
2901;B;Superior;M
4210;B;Superior;F
1999;A;Fundamental;F
2513;B;Superior;M
3699;B;Superior;F
1930;A;Medio;M
4829;C;Superior;F
2562;B;Medio;M
3715;B;Superior;F
4815;C;Fundamental;F
5613;C;Medio;F
2843;B;Analfabeto;F
2147;B;Analfabeto;M
5876;C;Medio;F
2259;B;Fundamental;M
3140;B;Superior;F
3892;B;Fundamental;M
4258;B;Superior;M
4431;B;Analfabeto;F
4456;B;Fundamental;F
4684;C;Analfabeto;F
5212;C;Fundamental;M
1734;A;Analfabeto;F
1412;A;Analfabeto;F
3621;B;Fundamental;F
2595;B;Analfabeto;M
3193;B;Superior;M
4953;C;Analfabeto;M
1935;A;Superior;M
3345;B;Fundamental;F
4322;B;Analfabeto;M
5451;C;Superior;F
3097;B;Analfabeto;F
5824;C;Analfabeto;M
2814;B;Analfabeto;F
5169;C;Analfabeto;F
5601;C;Medio;F
2336;B;Medio;F
2479;B;Superior;M
5457;C;Analfabeto;F
2404;B;Superior;M
2532;B;Superior;M
5819;C;Superior;F
5525;C;Superior;F
5733;C;Superior;M
1382;A;Analfabeto;M
5767;C;Superior;F
4461;B;Medio;F
3605;B;Superior;M
3886;B;Superior;M
5737;C;Fundamental;F
3086;B;Analfabeto;F
5245;C;Fundamental;F
1297;A;Superior;F
3727;B;Medio;M
5296;C;Medio;F
4186;B;Superior;M
1424;A;Analfabeto;F
5834;C;Analfabeto;F
2487;B;Superior;M
5781;C;Analfabeto;M
5239;C;Medio;F
2256;B;Medio;F
2224;B;Medio;M
1665;A;Medio;F
5984;C;Medio;M
5878;C;Superior;F
4839;C;Fundamental;M
2602;B;Superior;F
5231;C;Fundamental;F
2267;B;Superior;M
2293;B;Medio;M
3446;B;Analfabeto;M
4233;B;Analfabeto;F
3865;B;Superior;F
1489;A;Medio;M
4489;B;Medio;F
1909;A;Medio;F
1599;A;Medio;M
3347;B;Medio;M
3603;B;Superior;F
3406;B;Superior;F
5064;C;Fundamental;F
3006;B;Analfabeto;F
2600;B;Fundamental;M
4954;C;Analfabeto;M
5603;C;Superior;F
3172;B;Medio;M
5349;C;Medio;F
2440;B;Analfabeto;M
3041;B;Medio;F
2412;B;Analfabeto;M
5988;C;Analfabeto;M
4882;C;Analfabeto;M
2177;B;Superior;M
3485;B;Medio;M
2180;B;Analfabeto;M
3111;B;Superior;F
2838;B;Medio;F
5395;C;Superior;M
1898;A;Fundamental;M
5122;C;Analfabeto;M
4827;C;Superior;M
5124;C;Fundamental;F
5500;C;Fundamental;F
4835;C;Medio;M
1806;A;Superior;M
3302;B;Superior;F
2389;B;Fundamental;M
4341;B;Analfabeto;F
3363;B;Analfabeto;F
3741;B;Medio;F
5250;C;Analfabeto;F
2788;B;Fundamental;M
3898;B;Fundamental;M
5950;C;Analfabeto;F
1872;A;Fundamental;F
2959;B;Analfabeto;M
2092;B;Fundamental;M
2182;B;Superior;F
2572;B;Analfabeto;F
4201;B;Superior;M
2770;B;Analfabeto;F
3203;B;Superior;M
3471;B;Medio;M
3192;B;Fundamental;M
2215;B;Analfabeto;M
2993;B;Superior;F
4096;B;Fundamental;M
5317;C;Analfabeto;F
1080;A;Fundamental;F
1159;A;Medio;M
2384;B;Fundamental;F
5388;C;Analfabeto;M
3212;B;Analfabeto;F
2758;B;Fundamental;F
4927;C;Superior;M
5497;C;Analfabeto;F
2111;B;Analfabeto;M
4059;B;Fundamental;M
1228;A;Analfabeto;M
3545;B;Medio;M
5147;C;Fundamental;M
3094;B;Superior;F
3101;B;Medio;F
4910;C;Fundamental;F
4706;C;Fundamental;M
5465;C;Analfabeto;F
2663;B;Analfabeto;M
2916;B;Fundamental;M
1306;A;Analfabeto;M
1104;A;Analfabeto;F
2687;B;Fundamental;F
2344;B;Analfabeto;M
5803;C;Analfabeto;F
4589;C;Medio;F
5134;C;Fundamental;M
1262;A;Superior;F
3482;B;Analfabeto;M
4298;B;Fundamental;F
4407;B;Superior;F
2428;B;Fundamental;M
4157;B;Medio;M
3877;B;Medio;F
3495;B;Superior;F
4294;B;Superior;M
1711;A;Fundamental;M
1310;A;Analfabeto;F
3804;B;Superior;M
5333;C;Analfabeto;F
5403;C;Superior;F
5932;C;Fundamental;F
1556;A;Medio;F
5626;C;Analfabeto;M
5860;C;Analfabeto;F
2658;B;Medio;M
1060;A;Medio;M
1778;A;Fundamental;M
4545;C;Fundamental;F
3133;B;Superior;M
4315;B;Medio;F
4245;B;Analfabeto;F
1123;A;Superior;F
2311;B;Analfabeto;F
1432;A;Analfabeto;F
2302;B;Fundamental;M
4590;C;Medio;M
2779;B;Analfabeto;F
2531;B;Fundamental;M
4906;C;Superior;M
1715;A;Analfabeto;F
3589;B;Analfabeto;M
3704;B;Fundamental;M
2209;B;Analfabeto;F
3357;B;Superior;M
4463;B;Fundamental;F
4459;B;Fundamental;M
4466;B;Medio;F
4732;C;Superior;M
2395;B;Fundamental;M
3515;B;Superior;M
1044;A;Fundamental;F
1942;A;Superior;M
5357;C;Medio;M
1950;A;Superior;M
1213;A;Analfabeto;F
2711;B;Fundamental;F
2139;B;Superior;M
4008;B;Fundamental;M
3664;B;Superior;F
5948;C;Fundamental;M
3991;B;Medio;F
3913;B;Analfabeto;M
5376;C;Analfabeto;F
2488;B;Analfabeto;M
3966;B;Superior;M
3647;B;Analfabeto;M
3676;B;Medio;F
1845;A;Analfabeto;F
5802;C;Superior;F
2563;B;Fundamental;M
2358;B;Analfabeto;F
1475;A;Analfabeto;F
1969;A;Analfabeto;M
2852;B;Analfabeto;M
1025;A;Fundamental;M
2074;B;Analfabeto;F
2004;B;Medio;F
1789;A;Medio;M
3325;B;Fundamental;F
1838;A;Fundamental;M
1136;A;Medio;M
2527;B;Fundamental;F
4743;C;Analfabeto;M
2013;B;Analfabeto;M
1076;A;Fundamental;M
3170;B;Medio;M
1149;A;Analfabeto;M
5552;C;Analfabeto;M
1648;A;Medio;M
3736;B;Superior;M
2124;B;Medio;M
1251;A;Fundamental;M
5185;C;Medio;F
3950;B;Fundamental;F
2848;B;Analfabeto;M
2312;B;Superior;F
3506;B;Analfabeto;M
2933;B;Superior;F
5193;C;Analfabeto;F
2872;B;Medio;M
1559;A;Medio;M
2955;B;Medio;F
2971;B;Fundamental;F
4216;B;Fundamental;M
2491;B;Medio;M
5661;C;Fundamental;M
3207;B;Medio;F
3954;B;Fundamental;M
3268;B;Superior;M
5610;C;Medio;M
5284;C;Fundamental;M
5714;C;Fundamental;F
5330;C;Analfabeto;M
4144;B;Medio;M
1619;A;Medio;F
3456;B;Medio;F
3635;B;Superior;F
2844;B;Medio;F
3467;B;Medio;F
1147;A;Medio;F
5945;C;Analfabeto;M
1359;A;Fundamental;M
2756;B;Fundamental;F
5886;C;Analfabeto;M
2945;B;Fundamental;F
5877;C;Fundamental;M
2630;B;Superior;F
3710;B;Superior;F
1600;A;Superior;M
5920;C;Fundamental;F
1843;A;Medio;M
1000;A;Superior;M
3944;B;Medio;M
2812;B;Fundamental;F
1153;A;Superior;M
2730;B;Superior;F
3764;B;Analfabeto;M
2193;B;Medio;M
1225;A;Medio;M
1664;A;Fundamental;M
1345;A;Superior;F
5888;C;Fundamental;M
5387;C;Medio;M
5052;C;Analfabeto;M
2120;B;Superior;M
1871;A;Fundamental;M
1814;A;Analfabeto;M
1386;A;Fundamental;M
3655;B;Medio;M
1427;A;Analfabeto;M
4511;C;Superior;F
5837;C;Analfabeto;F
1437;A;Analfabeto;F
4721;C;Analfabeto;F
2127;B;Analfabeto;F
3996;B;Fundamental;F
1237;A;Superior;M
3466;B;Superior;F
1576;A;Superior;F
4921;C;Medio;F
1863;A;Analfabeto;M
5596;C;Fundamental;F
2369;B;Medio;M
3488;B;Medio;F
2498;B;Analfabeto;F
3017;B;Fundamental;F
4015;B;Medio;M
1263;A;Superior;M
3825;B;Medio;F
2767;B;Analfabeto;M
4598;C;Analfabeto;M
4974;C;Fundamental;M
2882;B;Superior;M
2318;B;Superior;F
4495;B;Medio;F
3290;B;Fundamental;M
2929;B;Fundamental;F
4399;B;Analfabeto;M
5282;C;Superior;M
3205;B;Analfabeto;F
1032;A;Analfabeto;M
3721;B;Fundamental;F
4276;B;Superior;M
4248;B;Superior;M
5858;C;Medio;M
2693;B;Superior;M
5454;C;Superior;F
3864;B;Medio;F
5758;C;Superior;F
2462;B;Fundamental;M
3064;B;Fundamental;F
4432;B;Superior;F
1367;A;Superior;M
5380;C;Medio;F
3054;B;Analfabeto;M
5942;C;Medio;F
5197;C;Medio;M
1068;A;Fundamental;M
2859;B;Analfabeto;M
1974;A;Analfabeto;F
5976;C;Analfabeto;M
4950;C;Superior;F
2403;B;Fundamental;M
5240;C;Superior;F
3779;B;Medio;M
3525;B;Analfabeto;F
1947;A;Medio;F
5486;C;Analfabeto;M
4127;B;Superior;F
4871;C;Analfabeto;M
3959;B;Analfabeto;M
4620;C;Analfabeto;F
2210;B;Superior;F
2315;B;Fundamental;F
1419;A;Fundamental;M
3681;B;Fundamental;M
3778;B;Superior;M
4386;B;Medio;F
4439;B;Medio;M
5113;C;Analfabeto;M
3181;B;Superior;M
2701;B;Fundamental;M
3815;B;Medio;F
2471;B;Medio;M
5854;C;Medio;M
3028;B;Fundamental;M
5077;C;Superior;M
5937;C;Superior;M
5787;C;Analfabeto;F
2855;B;Fundamental;F
4113;B;Superior;M
3706;B;Superior;F
1455;A;Fundamental;F
2353;B;Superior;F
3512;B;Superior;F
3684;B;Analfabeto;M
3472;B;Medio;M
3387;B;Medio;M
1447;A;Fundamental;M
1389;A;Analfabeto;F
2854;B;Analfabeto;F
4724;C;Analfabeto;M
1827;A;Superior;F
1647;A;Fundamental;F
5808;C;Fundamental;M
2750;B;Medio;F
4206;B;Fundamental;F
4151;B;Fundamental;M
2195;B;Analfabeto;M
2741;B;Superior;F
4993;C;Superior;F
1508;A;Medio;M
2363;B;Medio;F
3138;B;Fundamental;F
1007;A;Analfabeto;M
2811;B;Fundamental;F
2668;B;Superior;F
3046;B;Medio;F
2703;B;Fundamental;F
3279;B;Analfabeto;M
3083;B;Superior;M
1004;A;Medio;M
4542;C;Superior;F
3386;B;Fundamental;M
1470;A;Analfabeto;M
2443;B;Analfabeto;M
5511;C;Fundamental;M
1970;A;Medio;M
1953;A;Fundamental;F
3400;B;Superior;F
3243;B;Analfabeto;M
3858;B;Superior;M
1217;A;Fundamental;M
3965;B;Superior;M
2245;B;Fundamental;F
5993;C;Analfabeto;M
3672;B;Analfabeto;M
1106;A;Superior;M
4194;B;Medio;M
4646;C;Medio;F
4713;C;Superior;F
3814;B;Superior;M
4121;B;Superior;M
2938;B;Fundamental;M
4470;B;Analfabeto;F
2229;B;Fundamental;F
1116;A;Medio;M
2340;B;Superior;M
2441;B;Analfabeto;F
2420;B;Analfabeto;F
2856;B;Superior;M
5297;C;Medio;F
4539;C;Superior;F
1573;A;Superior;F
5352;C;Medio;M
5280;C;Fundamental;M
5158;C;Superior;F
3780;B;Analfabeto;F
3480;B;Superior;M
5844;C;Fundamental;F
1164;A;Superior;M
5191;C;Medio;M
4372;B;Analfabeto;M
3751;B;Analfabeto;M
5914;C;Superior;M
2696;B;Fundamental;F
5809;C;Fundamental;F
1265;A;Medio;M
1678;A;Analfabeto;F
5711;C;Medio;F
1054;A;Superior;F
2952;B;Analfabeto;M
4758;C;Fundamental;F
4831;C;Analfabeto;F
1178;A;Fundamental;F
3543;B;Medio;M
5466;C;Superior;M
3567;B;Medio;F
2731;B;Medio;M
5292;C;Superior;M
2386;B;Medio;M
3375;B;Fundamental;F
1434;A;Fundamental;M
2444;B;Superior;M
3344;B;Superior;F
3990;B;Analfabeto;M
1784;A;Superior;F
2777;B;Fundamental;M
2574;B;Medio;F
4408;B;Medio;M
1649;A;Fundamental;F
5708;C;Medio;F
1738;A;Medio;M
1719;A;Superior;M
1255;A;Fundamental;M
2098;B;Analfabeto;M
2457;B;Fundamental;F
4479;B;Analfabeto;F
2052;B;Superior;F
1041;A;Analfabeto;F
2989;B;Analfabeto;M
3295;B;Fundamental;M
2252;B;Fundamental;F
2892;B;Analfabeto;M
4904;C;Fundamental;F
3610;B;Superior;F
2061;B;Fundamental;M
3494;B;Medio;F
2469;B;Superior;F
2364;B;Superior;M
4420;B;Fundamental;M
5252;C;Superior;M
5418;C;Analfabeto;F
4964;C;Analfabeto;M
2366;B;Medio;F
5170;C;Analfabeto;M
1059;A;Superior;F
5447;C;Superior;M
4663;C;Fundamental;F
4290;B;Superior;M
3739;B;Analfabeto;F
4725;C;Superior;M
2571;B;Fundamental;F
2478;B;Fundamental;M
5835;C;Fundamental;F
1024;A;Superior;F
1473;A;Analfabeto;M
4192;B;Medio;M
3934;B;Fundamental;M
2973;B;Superior;M
2942;B;Medio;F
4350;B;Fundamental;M
4012;B;Superior;F
5598;C;Fundamental;M
2635;B;Analfabeto;M
4975;C;Superior;F
3657;B;Superior;M
2260;B;Fundamental;M
5423;C;Analfabeto;F
5036;C;Fundamental;F
5010;C;Fundamental;F
4000;B;Fundamental;F
1462;A;Medio;F
2592;B;Analfabeto;M
1887;A;Fundamental;F
1741;A;Fundamental;M
5428;C;Superior;F
2371;B;Analfabeto;F
3901;B;Fundamental;F
5304;C;Superior;M
1787;A;Fundamental;M
3222;B;Superior;M
2388;B;Superior;M
2977;B;Fundamental;F
2118;B;Analfabeto;F
3439;B;Medio;F
4558;C;Analfabeto;M
4321;B;Medio;F
1924;A;Superior;F
5624;C;Analfabeto;F
4146;B;Medio;F
4653;C;Medio;M
4609;C;Medio;M
2648;B;Analfabeto;F
2853;B;Medio;M
1696;A;Analfabeto;F
3679;B;Fundamental;F
2695;B;Fundamental;F
4723;C;Medio;F
2570;B;Fundamental;M
2876;B;Superior;M
3789;B;Analfabeto;M
4783;C;Medio;M
5658;C;Medio;M
1444;A;Superior;F
3894;B;Medio;F
4887;C;Fundamental;M
5430;C;Analfabeto;F
5527;C;Analfabeto;F
1873;A;Analfabeto;F
1353;A;Analfabeto;F
2068;B;Medio;M
4846;C;Fundamental;F
5912;C;Superior;F
1943;A;Analfabeto;F
5655;C;Fundamental;M
2308;B;Fundamental;F
3910;B;Fundamental;F
2394;B;Fundamental;F
2759;B;Medio;F
4273;B;Fundamental;M
1594;A;Analfabeto;M
4893;C;Analfabeto;F
4941;C;Fundamental;M
3874;B;Medio;F
5065;C;Superior;F
1518;A;Superior;M
5573;C;Medio;M
3051;B;Fundamental;M
1439;A;Medio;F
3155;B;Fundamental;M
5204;C;Medio;F
4330;B;Medio;F
2453;B;Medio;F
1357;A;Analfabeto;M
1102;A;Fundamental;M
3163;B;Analfabeto;F
2197;B;Fundamental;M
1941;A;Superior;F
2483;B;Superior;F
2138;B;Fundamental;M
5680;C;Superior;M
1486;A;Fundamental;F
3634;B;Medio;M
5359;C;Superior;M
3970;B;Analfabeto;F
5843;C;Medio;M
3184;B;Fundamental;F
1513;A;Analfabeto;F
2821;B;Fundamental;F
5561;C;Superior;M
3415;B;Superior;F
3973;B;Analfabeto;M
2514;B;Superior;F
2275;B;Fundamental;F
5095;C;Fundamental;M
2826;B;Analfabeto;F
1724;A;Medio;M
2930;B;Analfabeto;F
5909;C;Analfabeto;F
5145;C;Analfabeto;F
4981;C;Analfabeto;M
1457;A;Analfabeto;M
2309;B;Analfabeto;F
2509;B;Medio;M
3565;B;Medio;F
4218;B;Superior;M
3735;B;Analfabeto;M
4465;B;Analfabeto;F
3653;B;Fundamental;M
5131;C;Superior;M
1628;A;Analfabeto;M
2227;B;Fundamental;M
1057;A;Fundamental;M
2830;B;Medio;F
3324;B;Medio;F
4990;C;Analfabeto;M
4046;B;Fundamental;M
5114;C;Medio;F
4161;B;Analfabeto;F
4966;C;Superior;M
3974;B;Superior;F
3171;B;Medio;F
4813;C;Fundamental;F
4830;C;Fundamental;M
4510;C;Medio;F
5234;C;Analfabeto;F
5378;C;Superior;F
4007;B;Medio;F
2769;B;Analfabeto;M
2030;B;Medio;F
2286;B;Superior;M
3285;B;Medio;F
1658;A;Superior;M
5421;C;Medio;F
3157;B;Fundamental;M
4623;C;Fundamental;F
2913;B;Medio;M
1485;A;Fundamental;M
1780;A;Analfabeto;M
3030;B;Medio;M
3301;B;Superior;M
1129;A;Fundamental;M
4391;B;Superior;F
5923;C;Fundamental;M
5563;C;Fundamental;F
5201;C;Fundamental;M
3416;B;Superior;F
5589;C;Medio;F
4924;C;Fundamental;F
5335;C;Fundamental;F
4562;C;Superior;F
1454;A;Analfabeto;F
5138;C;Superior;M
4567;C;Medio;F
2664;B;Medio;M
5685;C;Superior;M
3260;B;Fundamental;M
3261;B;Superior;F
3005;B;Fundamental;F
2833;B;Superior;F
2643;B;Analfabeto;F
5518;C;Superior;F
2580;B;Fundamental;F
1477;A;Medio;F
5331;C;Fundamental;F
2330;B;Fundamental;F
1179;A;Analfabeto;F
5720;C;Superior;M
4324;B;Analfabeto;F
4494;B;Analfabeto;M
4093;B;Medio;F
3147;B;Superior;M
2862;B;Superior;M
5406;C;Superior;F
5850;C;Analfabeto;F
2473;B;Analfabeto;F
1400;A;Medio;M
4328;B;Fundamental;F
2461;B;Superior;M
2080;B;Analfabeto;F
5199;C;Analfabeto;M
5348;C;Fundamental;F
3274;B;Medio;F
1392;A;Superior;M
4355;B;Analfabeto;F
5557;C;Medio;M
4300;B;Fundamental;F
2899;B;Medio;M
4089;B;Analfabeto;M
4770;C;Superior;M
4039;B;Medio;F
3585;B;Fundamental;M
4861;C;Superior;M
2633;B;Medio;M
3208;B;Superior;F
3049;B;Fundamental;M
5967;C;Analfabeto;F
5965;C;Medio;M
2110;B;Superior;F
3608;B;Medio;F
3509;B;Medio;M
2370;B;Fundamental;M
2496;B;Fundamental;M
4204;B;Fundamental;M
2694;B;Superior;F
4794;C;Fundamental;F
1574;A;Superior;F
2865;B;Medio;F
1416;A;Fundamental;F
5755;C;Superior;F
5915;C;Fundamental;M
4781;C;Superior;F
5705;C;Analfabeto;F
1740;A;Analfabeto;F
3561;B;Analfabeto;F
2576;B;Fundamental;F
3987;B;Medio;F
1655;A;Superior;F
1834;A;Superior;M
5971;C;Analfabeto;M
1342;A;Analfabeto;F
5087;C;Superior;F
3317;B;Analfabeto;M
1991;A;Analfabeto;M
3038;B;Analfabeto;F
1967;A;Superior;F
2956;B;Analfabeto;M
4697;C;Medio;M
5085;C;Fundamental;F
5793;C;Superior;M
2151;B;Analfabeto;M
4876;C;Superior;F
5135;C;Analfabeto;M
3726;B;Analfabeto;F
1170;A;Superior;M
2055;B;Medio;M
3643;B;Analfabeto;F
3633;B;Superior;M
2348;B;Analfabeto;M
1494;A;Fundamental;M
3521;B;Analfabeto;M
4912;C;Superior;M
3473;B;Fundamental;M
3564;B;Superior;M
3806;B;Fundamental;M
4417;B;Fundamental;M
5855;C;Fundamental;F
3372;B;Fundamental;M
4164;B;Fundamental;F
3939;B;Medio;F
1669;A;Fundamental;F
3725;B;Analfabeto;F
1232;A;Superior;F
5086;C;Fundamental;F
5644;C;Superior;M
4911;C;Fundamental;M
2511;B;Fundamental;F
3382;B;Medio;F
1501;A;Fundamental;M
2218;B;Analfabeto;F
5666;C;Fundamental;F
4688;C;Superior;F
1356;A;Analfabeto;M
5813;C;Superior;F
4232;B;Fundamental;M
3291;B;Superior;F
4956;C;Superior;F
3096;B;Medio;F
1231;A;Medio;F
5696;C;Medio;M
2785;B;Superior;M
1511;A;Fundamental;F
3530;B;Fundamental;M
2996;B;Fundamental;F
5649;C;Fundamental;M
4476;B;Analfabeto;F
1256;A;Fundamental;M
3217;B;Analfabeto;M
5763;C;Superior;F
5142;C;Superior;F
2075;B;Fundamental;F
1582;A;Fundamental;F
1425;A;Analfabeto;F
3854;B;Analfabeto;F
1888;A;Fundamental;M
5959;C;Analfabeto;F
3689;B;Analfabeto;M
5747;C;Analfabeto;M
5361;C;Fundamental;F
5784;C;Medio;F
3273;B;Superior;F
2678;B;Analfabeto;M
1085;A;Analfabeto;M
3855;B;Analfabeto;M
2322;B;Medio;M
5575;C;Fundamental;M
4694;C;Fundamental;F
5592;C;Superior;M
2835;B;Analfabeto;M
4259;B;Medio;F
4565;C;Superior;F
1456;A;Medio;M
5241;C;Medio;M
3128;B;Fundamental;F
3062;B;Medio;M
4378;B;Fundamental;M
2529;B;Medio;F
1145;A;Superior;M
2896;B;Analfabeto;F
4772;C;Analfabeto;F
3254;B;Medio;M
1693;A;Medio;F
2085;B;Fundamental;M
2972;B;Fundamental;F
4228;B;Fundamental;M
1626;A;Analfabeto;F
2632;B;Fundamental;M
5838;C;Analfabeto;F
5891;C;Fundamental;M
5047;C;Superior;F
4796;C;Fundamental;M
1451;A;Medio;F
4601;C;Analfabeto;F
2164;B;Fundamental;M
3223;B;Superior;M
4775;C;Analfabeto;M
2454;B;Fundamental;F
1132;A;Medio;M
2499;B;Medio;F
1211;A;Medio;F
4308;B;Analfabeto;M
1484;A;Superior;M
4534;C;Superior;M
3614;B;Analfabeto;F
3756;B;Superior;F
1483;A;Superior;M
3120;B;Analfabeto;M
1171;A;Medio;M
1633;A;Medio;F
1823;A;Analfabeto;M
2219;B;Medio;M
4200;B;Superior;F
3199;B;Superior;M
4716;C;Analfabeto;M
2065;B;Analfabeto;F
2233;B;Fundamental;M
5670;C;Fundamental;F
5654;C;Medio;F
3708;B;Medio;M
3757;B;Superior;M
3844;B;Superior;M
5507;C;Analfabeto;F
4661;C;Analfabeto;M
4588;C;Medio;F
1732;A;Fundamental;F
5148;C;Superior;M
3115;B;Fundamental;F
4655;C;Fundamental;F
5257;C;Fundamental;F
2221;B;Analfabeto;M
4491;B;Fundamental;F
3125;B;Superior;M
1300;A;Medio;M
5290;C;Medio;F
3280;B;Medio;M
2339;B;Medio;M
3828;B;Analfabeto;M
5996;C;Medio;F
5168;C;Medio;M
3637;B;Analfabeto;M
2958;B;Fundamental;F
1186;A;Superior;F
1348;A;Analfabeto;M
4152;B;Superior;M
4849;C;Analfabeto;M
4430;B;Analfabeto;F
2963;B;Superior;F
4227;B;Fundamental;F
2095;B;Fundamental;M
5555;C;Analfabeto;F
1401;A;Analfabeto;F
1723;A;Fundamental;M
4253;B;Medio;F
5636;C;Analfabeto;F
1236;A;Analfabeto;F
3839;B;Fundamental;F
4537;C;Fundamental;F
2465;B;Superior;F
5619;C;Fundamental;F
3856;B;Fundamental;M
4374;B;Superior;F
4163;B;Fundamental;F
3595;B;Analfabeto;F
1504;A;Analfabeto;M
5271;C;Medio;F
2879;B;Analfabeto;M
1316;A;Fundamental;M
1288;A;Fundamental;M
3180;B;Analfabeto;F
3975;B;Analfabeto;M
2708;B;Analfabeto;M
4474;B;Medio;F
5969;C;Medio;M
1070;A;Analfabeto;M
2617;B;Analfabeto;M
4160;B;Superior;F
5853;C;Fundamental;M
4502;C;Analfabeto;M
4318;B;Superior;M
2378;B;Fundamental;M
4566;C;Analfabeto;M
1779;A;Fundamental;F
2046;B;Medio;F
4138;B;Analfabeto;M
1654;A;Fundamental;M
5807;C;Superior;F
5042;C;Medio;M
5569;C;Analfabeto;M
2426;B;Superior;M
1564;A;Superior;F
5161;C;Medio;F
5332;C;Medio;M
2038;B;Analfabeto;F
4811;C;Analfabeto;F
1351;A;Analfabeto;F
3881;B;Analfabeto;M
4423;B;Analfabeto;F
1769;A;Superior;M
1476;A;Analfabeto;M
3059;B;Medio;F
1610;A;Fundamental;M
1396;A;Fundamental;F
5995;C;Medio;M
5926;C;Medio;M
3985;B;Analfabeto;M
4031;B;Fundamental;M
1407;A;Fundamental;M
5467;C;Fundamental;F
4622;C;Medio;F
5007;C;Analfabeto;M
2405;B;Superior;M
5543;C;Medio;M
5195;C;Fundamental;F
2456;B;Fundamental;M
4943;C;Medio;F
4225;B;Superior;F
4401;B;Fundamental;F
2726;B;Superior;F
4886;C;Medio;F
5895;C;Medio;M
1534;A;Medio;F
2122;B;Fundamental;M
5318;C;Medio;F
2957;B;Fundamental;M
2729;B;Fundamental;M
1822;A;Analfabeto;F
1673;A;Fundamental;M
4669;C;Fundamental;M
3902;B;Fundamental;M
4644;C;Analfabeto;M
4951;C;Fundamental;F
3677;B;Medio;M
4988;C;Analfabeto;F
1101;A;Fundamental;F
4619;C;Superior;M
5487;C;Medio;F
5788;C;Fundamental;M
4705;C;Medio;M
4252;B;Superior;M
4230;B;Fundamental;M
1625;A;Superior;M
3505;B;Analfabeto;M
3622;B;Superior;F
2881;B;Medio;F
1916;A;Fundamental;F
3031;B;Analfabeto;M
2200;B;Fundamental;M
3352;B;Fundamental;M
2670;B;Analfabeto;M
4190;B;Medio;M
3835;B;Medio;F
4635;C;Superior;F
4387;B;Analfabeto;M
3824;B;Superior;F
4047;B;Superior;M
5953;C;Analfabeto;F
5040;C;Medio;M
3042;B;Medio;F
4860;C;Medio;M
2512;B;Fundamental;F
3648;B;Superior;M
5404;C;Superior;M
2262;B;Medio;M
1284;A;Analfabeto;M
2290;B;Medio;F
3139;B;Analfabeto;M
3490;B;Analfabeto;F
3713;B;Medio;M
4516;C;Superior;M
2706;B;Analfabeto;M
2631;B;Analfabeto;F
4968;C;Superior;F
5738;C;Analfabeto;F
3454;B;Analfabeto;F
2990;B;Fundamental;M
3253;B;Superior;M
4908;C;Superior;F
4458;B;Fundamental;F
1885;A;Fundamental;F
3177;B;Analfabeto;M
4032;B;Analfabeto;M
4307;B;Analfabeto;M
5531;C;Fundamental;F
4520;C;Analfabeto;F
4421;B;Medio;M
4098;B;Superior;M
3195;B;Fundamental;F
3722;B;Fundamental;F
2799;B;Analfabeto;M
3153;B;Analfabeto;F
5520;C;Superior;F
2675;B;Analfabeto;M
5286;C;Superior;M
5641;C;Analfabeto;F
1547;A;Analfabeto;F
4852;C;Analfabeto;M
3310;B;Fundamental;M
3994;B;Medio;M
5150;C;Fundamental;M
2699;B;Medio;F
2136;B;Fundamental;F
1771;A;Fundamental;F
2940;B;Analfabeto;M
1167;A;Superior;F
1758;A;Analfabeto;F
4296;B;Analfabeto;M
3104;B;Superior;F
5208;C;Superior;M
1122;A;Medio;M
4156;B;Medio;F
2722;B;Analfabeto;F
4760;C;Fundamental;M
2551;B;Fundamental;M
4499;B;Medio;M
1182;A;Medio;F
5863;C;Superior;F
3391;B;Medio;M
4979;C;Analfabeto;F
5072;C;Superior;M
1074;A;Analfabeto;M
1892;A;Fundamental;M
4517;C;Superior;F
5866;C;Medio;F
3586;B;Superior;F
2434;B;Medio;M
5741;C;Superior;F
1360;A;Superior;F
5366;C;Superior;F
1274;A;Analfabeto;M
4116;B;Fundamental;F
3738;B;Medio;M
1679;A;Fundamental;F
4353;B;Analfabeto;F
1609;A;Superior;F
4936;C;Analfabeto;M
1197;A;Medio;M
2385;B;Analfabeto;M
3422;B;Fundamental;F
2175;B;Fundamental;M
2985;B;Analfabeto;M
4382;B;Fundamental;F
3766;B;Superior;F
3023;B;Medio;F
5681;C;Analfabeto;M
3398;B;Medio;F
5422;C;Medio;M
2220;B;Analfabeto;F
2163;B;Medio;M
1837;A;Superior;M
4174;B;Medio;F
5293;C;Fundamental;M
4375;B;Fundamental;F
2435;B;Analfabeto;M
3753;B;Analfabeto;F
4171;B;Superior;F
1788;A;Medio;M
5299;C;Medio;F
5916;C;Superior;F
3303;B;Medio;M
1796;A;Analfabeto;F
3169;B;Analfabeto;F
2451;B;Fundamental;M
2437;B;Medio;F
4926;C;Medio;F
1247;A;Medio;M
2321;B;Analfabeto;M
4934;C;Fundamental;F
1160;A;Medio;F
3383;B;Superior;M
2306;B;Medio;M
4818;C;Superior;F
3920;B;Superior;F
1932;A;Superior;M
5750;C;Superior;M
3769;B;Fundamental;M
4748;C;Fundamental;F
2522;B;Analfabeto;M
5646;C;Analfabeto;M
3755;B;Medio;M
3014;B;Medio;F
3522;B;Superior;F
5605;C;Superior;F
1220;A;Fundamental;M
4679;C;Superior;M
5966;C;Fundamental;F
5734;C;Medio;F
4202;B;Medio;M
5267;C;Superior;F
1803;A;Superior;M
2417;B;Medio;M
3132;B;Fundamental;F
4162;B;Medio;M
1913;A;Analfabeto;F
1183;A;Superior;M
1490;A;Medio;M
5463;C;Fundamental;F
5618;C;Superior;F
1824;A;Analfabeto;M
2760;B;Fundamental;F
4396;B;Medio;F
1107;A;Analfabeto;F
3332;B;Superior;M
4640;C;Analfabeto;M
5756;C;Superior;F
4891;C;Fundamental;F
2168;B;Analfabeto;F
2772;B;Superior;M
2974;B;Analfabeto;F
2188;B;Analfabeto;F
4381;B;Medio;F
1431;A;Medio;F
5306;C;Analfabeto;F
4105;B;Superior;F
3070;B;Medio;F
1812;A;Fundamental;F
4081;B;Medio;F
5226;C;Superior;F
4102;B;Medio;F
3256;B;Analfabeto;F
3748;B;Superior;M
4844;C;Analfabeto;F
1746;A;Superior;F
2014;B;Fundamental;F
4560;C;Analfabeto;M
2596;B;Superior;M
2671;B;Analfabeto;M
2113;B;Medio;F
4999;C;Fundamental;F
5823;C;Analfabeto;F
2033;B;Fundamental;F
4220;B;Superior;M
5288;C;Medio;M
2999;B;Superior;M
1368;A;Medio;F
4056;B;Medio;M
1314;A;Superior;F
4690;C;Fundamental;F
3617;B;Analfabeto;F
3342;B;Superior;F
2116;B;Analfabeto;F
5709;C;Superior;F
2239;B;Analfabeto;F
2839;B;Analfabeto;F
4035;B;Fundamental;F
3781;B;Medio;M
3783;B;Medio;F
5020;C;Medio;M
1550;A;Medio;M
3374;B;Superior;M
3378;B;Analfabeto;M
3262;B;Medio;F
2134;B;Medio;M
4305;B;Medio;M
3867;B;Superior;M
4016;B;Fundamental;F
3173;B;Medio;F
5898;C;Superior;M
2397;B;Fundamental;M
4759;C;Superior;F
4867;C;Fundamental;F
2783;B;Fundamental;F
2409;B;Medio;M
4870;C;Superior;M
2035;B;Fundamental;F
3312;B;Medio;M
1124;A;Fundamental;F
5607;C;Analfabeto;F
3367;B;Superior;F
1652;A;Fundamental;M
1184;A;Analfabeto;F
3519;B;Fundamental;F
2104;B;Superior;M
1568;A;Superior;F
4707;C;Superior;M
3463;B;Fundamental;M
1008;A;Medio;M
4446;B;Analfabeto;M
5464;C;Superior;M
5249;C;Fundamental;M
5731;C;Fundamental;F
3178;B;Fundamental;F
1369;A;Medio;M
1154;A;Superior;M
1608;A;Medio;M
3843;B;Superior;M
2192;B;Analfabeto;M
4548;C;Medio;M
4422;B;Medio;F
1772;A;Superior;F
5109;C;Superior;M
5579;C;Superior;M
5667;C;Superior;F
2718;B;Superior;F
5713;C;Medio;F
1766;A;Superior;F
1718;A;Medio;M
4584;C;Analfabeto;M
5355;C;Medio;F
5815;C;Medio;F
1461;A;Superior;M
1287;A;Fundamental;M
4832;C;Medio;M
1413;A;Superior;F
1580;A;Superior;F
2877;B;Fundamental;M
4097;B;Fundamental;F
4667;C;Medio;M
4978;C;Superior;M
2506;B;Analfabeto;F
3298;B;Fundamental;M
3186;B;Analfabeto;F
4604;C;Medio;F
3728;B;Analfabeto;F
3703;B;Superior;M
2042;B;Analfabeto;F
5712;C;Fundamental;F
1879;A;Analfabeto;F
1522;A;Fundamental;F
1378;A;Medio;M
5812;C;Superior;M
5172;C;Fundamental;F
4447;B;Analfabeto;F
5707;C;Medio;M
2878;B;Fundamental;M
2296;B;Analfabeto;M
1428;A;Analfabeto;F
1188;A;Analfabeto;M
3516;B;Analfabeto;M
3362;B;Analfabeto;M
1111;A;Analfabeto;M
5523;C;Analfabeto;F
5163;C;Fundamental;M
3159;B;Fundamental;F
3572;B;Superior;F
5123;C;Analfabeto;F
3308;B;Analfabeto;M
2662;B;Medio;M
4134;B;Analfabeto;F
3045;B;Superior;M
1586;A;Analfabeto;F
2723;B;Analfabeto;M
1737;A;Fundamental;M
3351;B;Superior;F
1047;A;Fundamental;M
5560;C;Superior;F
5264;C;Fundamental;F
2039;B;Fundamental;F
1965;A;Analfabeto;F
1063;A;Medio;M
4159;B;Fundamental;F
4099;B;Analfabeto;F
2946;B;Fundamental;M
4368;B;Analfabeto;F
1125;A;Fundamental;F
4838;C;Analfabeto;M
2535;B;Superior;F
4224;B;Medio;F
3807;B;Medio;F
5989;C;Fundamental;M
3066;B;Superior;F
3278;B;Analfabeto;F
5054;C;Medio;F
1867;A;Superior;M
2099;B;Medio;M
1307;A;Analfabeto;F
5399;C;Fundamental;F
1371;A;Superior;M
5272;C;Medio;M
2966;B;Superior;M
3737;B;Analfabeto;F
1293;A;Superior;F
5375;C;Fundamental;F
2660;B;Fundamental;F
5668;C;Fundamental;F
4518;C;Analfabeto;F
1103;A;Superior;F
1266;A;Fundamental;F
2207;B;Medio;F
4333;B;Fundamental;M
3307;B;Superior;F
5757;C;Fundamental;F
1222;A;Superior;F
5862;C;Medio;M
3946;B;Superior;F
1013;A;Medio;M
3190;B;Analfabeto;F
4019;B;Superior;M
3465;B;Superior;F
4507;C;Superior;F
3606;B;Fundamental;M
5677;C;Analfabeto;F
5448;C;Superior;F
3711;B;Superior;F
3240;B;Fundamental;M
1020;A;Superior;F
3936;B;Medio;F
5517;C;Fundamental;M
2211;B;Analfabeto;F
5298;C;Superior;M
5315;C;Superior;F
5894;C;Superior;F
3322;B;Superior;F
4977;C;Medio;M
3300;B;Fundamental;F
2803;B;Analfabeto;F
1329;A;Fundamental;M
3010;B;Medio;M
1695;A;Medio;M
1180;A;Superior;M
3893;B;Superior;F
3027;B;Fundamental;M
5275;C;Superior;M
1704;A;Medio;F
1889;A;Superior;M
2649;B;Medio;F
5329;C;Fundamental;F
3969;B;Fundamental;M
4992;C;Medio;M
5384;C;Fundamental;F
1415;A;Analfabeto;M
5347;C;Analfabeto;M
1902;A;Superior;F
2568;B;Fundamental;M
1805;A;Analfabeto;M
5081;C;Analfabeto;M
3750;B;Analfabeto;F
3952;B;Fundamental;M
3680;B;Superior;F
5389;C;Medio;M
4166;B;Analfabeto;F
5017;C;Fundamental;F
3971;B;Fundamental;M
5126;C;Medio;F
4776;C;Superior;F
2379;B;Superior;M
5952;C;Superior;F
3569;B;Medio;M
1048;A;Analfabeto;M
2204;B;Fundamental;M
1268;A;Medio;M
3481;B;Analfabeto;F
3526;B;Medio;M
1459;A;Medio;F
1156;A;Superior;F
2864;B;Medio;F
3949;B;Medio;F
3786;B;Analfabeto;F
1770;A;Fundamental;M
3065;B;Superior;M
2442;B;Fundamental;M
1352;A;Superior;M
1598;A;Fundamental;F
1859;A;Fundamental;F
2965;B;Superior;M
5110;C;Analfabeto;M
1735;A;Analfabeto;F
1587;A;Superior;M
4411;B;Medio;M
5770;C;Medio;M
1521;A;Analfabeto;F
1460;A;Fundamental;F
4629;C;Superior;F
1918;A;Medio;F
4920;C;Superior;M
3099;B;Medio;M
4957;C;Superior;F
2935;B;Fundamental;F
5340;C;Medio;M
3887;B;Medio;F
3477;B;Medio;M
4060;B;Medio;F
5186;C;Analfabeto;M
4150;B;Superior;M
3443;B;Medio;M
4125;B;Fundamental;F
4660;C;Fundamental;F
3784;B;Medio;F
4070;B;Fundamental;F
3640;B;Medio;M
1627;A;Superior;M
5652;C;Analfabeto;F
4632;C;Medio;F
1569;A;Fundamental;M
4362;B;Superior;M
4193;B;Analfabeto;M
2365;B;Superior;F
3076;B;Superior;F
1804;A;Medio;F
5368;C;Fundamental;F
5210;C;Analfabeto;F
5779;C;Analfabeto;M
1478;A;Fundamental;M
1523;A;Superior;M
1904;A;Medio;M
3732;B;Analfabeto;F
2361;B;Superior;F
4049;B;Analfabeto;M
1656;A;Superior;M
3700;B;Analfabeto;M
4608;C;Superior;M
3424;B;Fundamental;F
1971;A;Medio;F
1506;A;Fundamental;M
1831;A;Superior;F
4513;C;Medio;F
4569;C;Analfabeto;M
1138;A;Superior;M
2427;B;Superior;M
4745;C;Superior;M
2564;B;Fundamental;F
1077;A;Medio;M
1777;A;Analfabeto;F
2490;B;Fundamental;M
5032;C;Analfabeto;F
2292;B;Superior;M
1003;A;Analfabeto;M
2455;B;Medio;F
4107;B;Fundamental;F
1903;A;Fundamental;F
1192;A;Analfabeto;F
3850;B;Fundamental;F
4457;B;Medio;M
4331;B;Analfabeto;F
4235;B;Analfabeto;F
1343;A;Analfabeto;F
3340;B;Fundamental;F
2376;B;Analfabeto;M
3819;B;Analfabeto;M
2738;B;Superior;F
5889;C;Medio;M
5930;C;Analfabeto;F
3683;B;Medio;M
5656;C;Superior;F
1743;A;Fundamental;F
1558;A;Superior;F
2399;B;Medio;F
2516;B;Analfabeto;F
1690;A;Superior;F
2045;B;Analfabeto;F
2493;B;Superior;F
5300;C;Medio;F
2774;B;Fundamental;F
5692;C;Superior;M
5412;C;Medio;M
2705;B;Superior;M
1325;A;Superior;M
2763;B;Superior;M
3013;B;Superior;M
3613;B;Superior;M
3022;B;Analfabeto;M
3932;B;Superior;F
2566;B;Medio;M
1793;A;Medio;M
1692;A;Superior;M
4505;C;Analfabeto;F
1761;A;Medio;M
3142;B;Superior;F
3226;B;Fundamental;F
5460;C;Analfabeto;M
1697;A;Superior;M
1219;A;Medio;M
3696;B;Superior;F
2050;B;Fundamental;M
3483;B;Superior;M
5485;C;Superior;F
3678;B;Medio;F
4995;C;Analfabeto;M
5441;C;Fundamental;F
5372;C;Fundamental;M
3012;B;Fundamental;F
1335;A;Analfabeto;F
2517;B;Medio;M
5006;C;Fundamental;M
4949;C;Superior;F
2885;B;Medio;F
4467;B;Fundamental;F
5974;C;Medio;M
2173;B;Medio;F
4413;B;Superior;M
4762;C;Fundamental;F
1934;A;Medio;F
1011;A;Fundamental;F
2418;B;Medio;F
5695;C;Fundamental;M
1336;A;Medio;M
5091;C;Superior;F
5512;C;Superior;F
4574;C;Medio;M
2094;B;Analfabeto;M
4340;B;Medio;M
1546;A;Superior;F
1590;A;Medio;M
2179;B;Medio;F
1584;A;Analfabeto;F
5559;C;Fundamental;F
5218;C;Superior;M
3955;B;Analfabeto;F
5529;C;Analfabeto;M
1637;A;Superior;M
4812;C;Fundamental;F
4544;C;Medio;M
1046;A;Superior;M
5691;C;Superior;F
1591;A;Fundamental;M
5438;C;Analfabeto;M
4503;C;Analfabeto;M
1226;A;Medio;F
4847;C;Fundamental;F
4285;B;Medio;M
1775;A;Superior;M
1985;A;Analfabeto;M
4037;B;Fundamental;M
4207;B;Fundamental;F
4571;C;Analfabeto;M
5960;C;Fundamental;M
2114;B;Medio;F
5140;C;Analfabeto;F
3937;B;Analfabeto;M
2868;B;Superior;F
4131;B;Medio;M
5156;C;Superior;F
5820;C;Superior;M
3687;B;Medio;M
4270;B;Fundamental;M
4168;B;Analfabeto;M
2190;B;Fundamental;M
2477;B;Fundamental;F
3294;B;Superior;M
3399;B;Medio;F
3663;B;Fundamental;M
4403;B;Fundamental;F
5847;C;Medio;F
5632;C;Fundamental;M
2495;B;Fundamental;F
3579;B;Superior;F
1157;A;Fundamental;M
3847;B;Fundamental;M
3838;B;Fundamental;M
3816;B;Superior;M
2709;B;Analfabeto;F
2087;B;Superior;F
1671;A;Analfabeto;F
3554;B;Fundamental;F
4104;B;Fundamental;F
1855;A;Medio;M
4139;B;Medio;F
3048;B;Analfabeto;F
2281;B;Medio;F
2615;B;Medio;M
1532;A;Analfabeto;F
2049;B;Medio;M
4275;B;Medio;F
4642;C;Superior;F
1733;A;Medio;F
2890;B;Analfabeto;F
5727;C;Fundamental;F
2610;B;Analfabeto;M
2880;B;Analfabeto;M
4238;B;Analfabeto;F
2253;B;Superior;M
2011;B;Superior;F
4519;C;Medio;M
1922;A;Superior;M
1553;A;Analfabeto;M
1181;A;Analfabeto;M
1387;A;Analfabeto;M
2598;B;Superior;M
1641;A;Fundamental;F
1204;A;Fundamental;F
2036;B;Medio;F
2206;B;Analfabeto;F
3668;B;Superior;F
5173;C;Fundamental;M
2023;B;Superior;F
1849;A;Fundamental;M
2414;B;Superior;M
2583;B;Analfabeto;F
3759;B;Medio;F
4814;C;Analfabeto;F
1525;A;Analfabeto;F
5419;C;Superior;M
5392;C;Analfabeto;F
3321;B;Medio;M
2934;B;Superior;M
3659;B;Superior;M
2704;B;Fundamental;F
1720;A;Analfabeto;M
1835;A;Fundamental;M
4541;C;Superior;M
4404;B;Medio;F
4821;C;Superior;M
5751;C;Analfabeto;M
4278;B;Medio;M
5539;C;Medio;F
4319;B;Fundamental;M
3560;B;Fundamental;M
2148;B;Medio;F
3771;B;Fundamental;M
4348;B;Superior;M
1635;A;Fundamental;F
1531;A;Superior;M
2422;B;Analfabeto;M
2342;B;Medio;F
4746;C;Analfabeto;F
4410;B;Analfabeto;F
4752;C;Analfabeto;M
3922;B;Medio;M
3251;B;Superior;F
2352;B;Superior;M
5669;C;Analfabeto;M
3249;B;Fundamental;F
4072;B;Analfabeto;F
2581;B;Superior;M
3122;B;Analfabeto;F
1653;A;Analfabeto;M
5643;C;Superior;M
4753;C;Medio;F
5946;C;Fundamental;M
5782;C;Fundamental;M
4036;B;Medio;M
2762;B;Analfabeto;F
5106;C;Analfabeto;F
3768;B;Fundamental;M
5846;C;Superior;F
2941;B;Superior;M
3528;B;Superior;M
4490;B;Analfabeto;F
3582;B;Analfabeto;M
5175;C;Fundamental;M
5268;C;Analfabeto;F
1807;A;Analfabeto;M
5319;C;Superior;M
1755;A;Analfabeto;M
2132;B;Superior;F
1645;A;Medio;M
4834;C;Superior;F
3216;B;Superior;F
5868;C;Analfabeto;M
2247;B;Superior;F
1512;A;Medio;M
2988;B;Medio;M
5311;C;Superior;F
2298;B;Fundamental;F
1529;A;Analfabeto;M
2569;B;Medio;M
3593;B;Medio;F
3566;B;Analfabeto;F
4246;B;Fundamental;F
2962;B;Superior;F
5435;C;Medio;M
4540;C;Fundamental;M
2721;B;Superior;F
1162;A;Fundamental;F
3265;B;Medio;M
2679;B;Medio;F
4297;B;Analfabeto;F
5369;C;Superior;M
3277;B;Fundamental;F
5105;C;Medio;M
1173;A;Medio;F
3166;B;Superior;M
1603;A;Analfabeto;M
3624;B;Superior;F
2597;B;Analfabeto;M
5590;C;Analfabeto;M
1706;A;Fundamental;F
4983;C;Fundamental;M
3353;B;Medio;M
1442;A;Medio;F
2006;B;Superior;F
3851;B;Superior;F
4801;C;Superior;M
1900;A;Medio;F
2689;B;Fundamental;M
2056;B;Medio;F
3039;B;Superior;F
5015;C;Analfabeto;M
3380;B;Superior;F
4185;B;Fundamental;F
2686;B;Medio;M
4445;B;Medio;F
1794;A;Analfabeto;M
3057;B;Fundamental;F
1019;A;Fundamental;F
3232;B;Analfabeto;F
4603;C;Medio;F
1411;A;Superior;M
3088;B;Analfabeto;M
2307;B;Analfabeto;F
4369;B;Fundamental;M
5526;C;Analfabeto;M
1100;A;Medio;F
2474;B;Fundamental;M
3270;B;Analfabeto;M
3487;B;Fundamental;F
3747;B;Superior;M
4665;C;Medio;F
5840;C;Medio;F
4080;B;Superior;F
1319;A;Analfabeto;F
4853;C;Medio;M
4720;C;Fundamental;M
4895;C;Fundamental;F
4390;B;Analfabeto;M
4117;B;Analfabeto;F
3997;B;Fundamental;F
4765;C;Fundamental;M
5821;C;Analfabeto;F
5005;C;Analfabeto;M
3499;B;Analfabeto;F
3801;B;Superior;M
1958;A;Medio;M
3570;B;Superior;M
3774;B;Superior;M
1099;A;Superior;M
5018;C;Superior;F
2827;B;Fundamental;M
5382;C;Medio;M
3510;B;Fundamental;F
1593;A;Fundamental;F
4740;C;Superior;M
2976;B;Fundamental;F
4982;C;Analfabeto;M
3914;B;Medio;M
1676;A;Superior;F
1876;A;Fundamental;M
1194;A;Superior;M
1270;A;Analfabeto;F
1875;A;Analfabeto;M
4048;B;Medio;F
4349;B;Analfabeto;F
3840;B;Analfabeto;M
4710;C;Superior;F
3615;B;Analfabeto;F
3938;B;Fundamental;F
4872;C;Analfabeto;M
1384;A;Analfabeto;M
5829;C;Medio;M
4469;B;Fundamental;M
5084;C;Superior;F
1298;A;Fundamental;M
4727;C;Superior;M
2396;B;Fundamental;M
1465;A;Fundamental;F
2541;B;Analfabeto;M
5576;C;Superior;F
1606;A;Superior;F
1542;A;Superior;F
3036;B;Superior;M
5621;C;Analfabeto;F
4564;C;Medio;M
5220;C;Medio;F
2320;B;Superior;F
3905;B;Medio;F
4766;C;Medio;F
3888;B;Fundamental;M
1377;A;Analfabeto;M
2545;B;Medio;F
2558;B;Fundamental;M
4530;C;Medio;F
3219;B;Analfabeto;F
2676;B;Superior;F
4914;C;Analfabeto;F
3126;B;Superior;F
4111;B;Analfabeto;F
2904;B;Superior;F
1493;A;Superior;F
3185;B;Medio;F
4222;B;Analfabeto;F
5141;C;Medio;F
1502;A;Analfabeto;F
3491;B;Analfabeto;M
4687;C;Fundamental;M
4358;B;Fundamental;M
5805;C;Fundamental;M
2022;B;Fundamental;M
5690;C;Superior;F
3964;B;Medio;F
3238;B;Analfabeto;M
3995;B;Analfabeto;F
2586;B;Fundamental;M
4563;C;Superior;F
4100;B;Analfabeto;F
3018;B;Superior;F
4833;C;Superior;M
4731;C;Analfabeto;M
4823;C;Superior;M
1302;A;Medio;M
4428;B;Medio;M
2824;B;Fundamental;M
2449;B;Analfabeto;F
2504;B;Medio;F
5836;C;Analfabeto;F
1495;A;Analfabeto;F
3575;B;Medio;F
5777;C;Superior;F
4523;C;Analfabeto;F
3255;B;Analfabeto;F
3144;B;Medio;M
2902;B;Medio;F
4402;B;Medio;M
5495;C;Fundamental;M
4395;B;Superior;F
3557;B;Analfabeto;M
2300;B;Superior;M
2037;B;Fundamental;F
2084;B;Superior;F
4525;C;Medio;M
4451;B;Fundamental;F
5935;C;Superior;F
2921;B;Medio;M
1894;A;Medio;F
5900;C;Analfabeto;M
3972;B;Analfabeto;M
5016;C;Superior;M
4970;C;Fundamental;M
3935;B;Superior;M
5055;C;Superior;M
1328;A;Analfabeto;F
5149;C;Superior;M
1864;A;Fundamental;F
5631;C;Fundamental;F
2271;B;Analfabeto;F
2816;B;Medio;M
4412;B;Superior;M
2337;B;Superior;F
1544;A;Medio;M
3673;B;Analfabeto;M
4536;C;Fundamental;M
1949;A;Fundamental;M
1058;A;Fundamental;M
3729;B;Medio;F
1996;A;Medio;F
4605;C;Analfabeto;M
5628;C;Superior;M
5035;C;Superior;M
1010;A;Fundamental;M
2553;B;Medio;M
5237;C;Superior;M
5391;C;Fundamental;F
5998;C;Fundamental;M
5994;C;Medio;M
1320;A;Analfabeto;F
4675;C;Analfabeto;M
1629;A;Medio;F
3916;B;Fundamental;M
4170;B;Medio;M
1326;A;Medio;F
2295;B;Superior;M
1961;A;Superior;F
3988;B;Analfabeto;M
1121;A;Medio;F
4110;B;Fundamental;M
1344;A;Medio;M
5849;C;Analfabeto;M
3304;B;Medio;F
2806;B;Fundamental;F
3411;B;Medio;M
3979;B;Superior;M
5471;C;Fundamental;M
1901;A;Medio;F
4018;B;Fundamental;M
1836;A;Superior;F
1541;A;Fundamental;F
1563;A;Analfabeto;F
2268;B;Medio;M
3354;B;Medio;M
2546;B;Medio;F
1989;A;Superior;M
3968;B;Medio;M
3537;B;Fundamental;F
2007;B;Superior;F
1390;A;Medio;F
1663;A;Superior;M
4785;C;Analfabeto;M
3701;B;Fundamental;M
5393;C;Superior;M
3315;B;Superior;F
2372;B;Superior;M
1964;A;Superior;F
3805;B;Analfabeto;F
2889;B;Analfabeto;M
2682;B;Superior;M
5178;C;Fundamental;M
5987;C;Superior;M
2170;B;Medio;F
2714;B;Medio;M
2751;B;Analfabeto;F
5786;C;Fundamental;F
2145;B;Medio;M
4017;B;Medio;F
4533;C;Fundamental;F
1643;A;Analfabeto;F
5774;C;Fundamental;F
3574;B;Superior;F
4742;C;Analfabeto;F
1039;A;Fundamental;M
4695;C;Superior;M
2697;B;Fundamental;M
2236;B;Fundamental;F
4547;C;Fundamental;M
5219;C;Analfabeto;F
1657;A;Medio;M
5119;C;Medio;M
4429;B;Medio;M
5063;C;Fundamental;F
4884;C;Superior;F
4946;C;Medio;F
4719;C;Analfabeto;F
3309;B;Medio;M
3716;B;Fundamental;F
1768;A;Analfabeto;F
1152;A;Analfabeto;F
1271;A;Fundamental;M
2629;B;Fundamental;M
1089;A;Superior;F
1481;A;Medio;M
4633;C;Medio;M
3011;B;Superior;F
1545;A;Fundamental;M
1505;A;Analfabeto;M
1670;A;Superior;M
4905;C;Analfabeto;F
5431;C;Superior;M
5394;C;Analfabeto;F
1561;A;Medio;M
5198;C;Medio;F
3289;B;Analfabeto;F
2354;B;Superior;F
3581;B;Medio;M
5887;C;Superior;F
2614;B;Medio;M
5259;C;Fundamental;M
5588;C;Analfabeto;F
4191;B;Medio;F
5097;C;Medio;F
2582;B;Superior;M
1364;A;Fundamental;F
4339;B;Analfabeto;M
1127;A;Medio;F
5572;C;Analfabeto;M
5445;C;Medio;M
5478;C;Medio;F
3407;B;Superior;F
5503;C;Analfabeto;F
4929;C;Fundamental;F
4585;C;Analfabeto;M
5397;C;Medio;F
4656;C;Medio;M
2041;B;Superior;M
3239;B;Medio;M
5115;C;Fundamental;M
1919;A;Analfabeto;F
1910;A;Superior;F
2057;B;Medio;F
4062;B;Superior;F
5012;C;Analfabeto;M
3724;B;Analfabeto;F
1774;A;Fundamental;F
4337;B;Analfabeto;M
3113;B;Analfabeto;M
1402;A;Medio;F
3071;B;Medio;F
1939;A;Analfabeto;M
3292;B;Fundamental;M
5043;C;Medio;F
3282;B;Fundamental;F
5814;C;Medio;M
3236;B;Superior;F
2623;B;Fundamental;F
1140;A;Superior;M
2742;B;Fundamental;M
1722;A;Analfabeto;M
2377;B;Analfabeto;F
1977;A;Superior;M
4473;B;Analfabeto;M
3043;B;Fundamental;F
1487;A;Analfabeto;F
2066;B;Superior;M
3257;B;Analfabeto;M
2888;B;Superior;F
1385;A;Analfabeto;M
1549;A;Analfabeto;F
4108;B;Analfabeto;M
3154;B;Medio;F
5553;C;Superior;F
2554;B;Medio;M
4165;B;Medio;M
5373;C;Superior;F
5102;C;Medio;F
2776;B;Superior;F
2447;B;Medio;F
5071;C;Superior;M
1500;A;Superior;M
5730;C;Medio;M
4575;C;Medio;M
3421;B;Medio;F
2874;B;Medio;F
3366;B;Superior;F
2406;B;Superior;F
5099;C;Superior;F
1331;A;Analfabeto;F
1380;A;Medio;F
4085;B;Fundamental;M
4267;B;Fundamental;F
1468;A;Superior;M
5968;C;Analfabeto;F
1753;A;Superior;F
4264;B;Medio;F
2231;B;Medio;F
1210;A;Medio;F
4576;C;Analfabeto;M
1084;A;Analfabeto;F
4890;C;Fundamental;M
2329;B;Analfabeto;M
4777;C;Analfabeto;M
2225;B;Fundamental;M
4561;C;Fundamental;M
4338;B;Analfabeto;M
5997;C;Medio;F
5415;C;Superior;F
4587;C;Fundamental;M
4167;B;Fundamental;M
1016;A;Analfabeto;M
1286;A;Analfabeto;M
5238;C;Fundamental;M
1355;A;Fundamental;M
5534;C;Superior;F
4751;C;Superior;M
4735;C;Analfabeto;F
4903;C;Fundamental;F
3885;B;Analfabeto;F
4198;B;Superior;F
5164;C;Medio;M
2561;B;Medio;F
1683;A;Medio;F
1767;A;Analfabeto;F
3167;B;Analfabeto;M
5985;C;Medio;F
4376;B;Superior;M
4365;B;Analfabeto;F
5905;C;Analfabeto;F
4869;C;Superior;F
3109;B;Analfabeto;F
5003;C;Superior;M
2249;B;Analfabeto;M
2492;B;Superior;F
2790;B;Fundamental;M
5154;C;Superior;M
4045;B;Fundamental;F
3549;B;Analfabeto;F
5929;C;Medio;M
4512;C;Superior;F
3420;B;Fundamental;M
5551;C;Fundamental;M
5342;C;Superior;F
3474;B;Analfabeto;M
3433;B;Fundamental;M
3976;B;Analfabeto;F
2745;B;Fundamental;F
3880;B;Analfabeto;F
5400;C;Superior;M
3662;B;Medio;F
4475;B;Medio;F
5209;C;Superior;M
2419;B;Superior;M
4487;B;Medio;F
4478;B;Superior;F
2413;B;Medio;F
3984;B;Medio;M
4826;C;Fundamental;M
4087;B;Analfabeto;M
3602;B;Fundamental;F
5452;C;Medio;F
5558;C;Superior;F
5899;C;Medio;F
4001;B;Superior;F
2438;B;Fundamental;M
1193;A;Fundamental;F
1279;A;Superior;F
1185;A;Analfabeto;M
5437;C;Medio;F
4650;C;Superior;M
2508;B;Superior;F
1141;A;Superior;M
2883;B;Medio;F
5865;C;Fundamental;M
2860;B;Medio;M
2656;B;Superior;M
2305;B;Analfabeto;M
1354;A;Fundamental;M
3583;B;Analfabeto;F
3105;B;Fundamental;F
5136;C;Superior;M
2644;B;Fundamental;M
4848;C;Superior;M
4343;B;Analfabeto;F
3777;B;Medio;M
5704;C;Analfabeto;M
3698;B;Superior;M
4805;C;Fundamental;M
4377;B;Superior;F
3577;B;Analfabeto;F
1946;A;Analfabeto;F
4053;B;Analfabeto;M
1497;A;Medio;F
2986;B;Fundamental;M
1604;A;Analfabeto;M
3573;B;Superior;M
1519;A;Medio;M
3993;B;Fundamental;M
3951;B;Fundamental;F
1982;A;Fundamental;F
2070;B;Superior;F
2064;B;Analfabeto;F
5364;C;Analfabeto;F
2573;B;Medio;M
5440;C;Superior;F
3288;B;Medio;F
1347;A;Superior;M
4734;C;Superior;M
5455;C;Analfabeto;M
4498;B;Analfabeto;M
2476;B;Fundamental;M
3215;B;Analfabeto;M
4913;C;Superior;F
4419;B;Analfabeto;M
4188;B;Superior;F
2288;B;Fundamental;M
3794;B;Fundamental;M
4878;C;Analfabeto;M
2624;B;Medio;M
5570;C;Superior;M
4730;C;Fundamental;M
3024;B;Superior;M
3091;B;Analfabeto;M
4269;B;Fundamental;M
4211;B;Superior;M
1404;A;Analfabeto;F
5157;C;Medio;M
2015;B;Analfabeto;F
3958;B;Medio;F
5939;C;Fundamental;M
3110;B;Analfabeto;M
2347;B;Superior;F
2823;B;Medio;F
4671;C;Analfabeto;F
2764;B;Analfabeto;M
4115;B;Superior;M
4857;C;Analfabeto;F
5671;C;Analfabeto;F
4930;C;Medio;M
4918;C;Medio;M
2077;B;Medio;F
3884;B;Superior;M
2591;B;Analfabeto;F
2917;B;Superior;F
2093;B;Fundamental;F
4205;B;Medio;F
3923;B;Analfabeto;F
4916;C;Fundamental;F
5182;C;Superior;F
4042;B;Medio;F
3381;B;Fundamental;F
3419;B;Medio;F
5310;C;Fundamental;M
1022;A;Analfabeto;M
4237;B;Superior;F
2875;B;Analfabeto;M
1397;A;Fundamental;M
2324;B;Fundamental;M
5070;C;Superior;M
4761;C;Analfabeto;F
4784;C;Medio;M
3162;B;Analfabeto;F
3160;B;Superior;F
1877;A;Superior;M
2241;B;Analfabeto;M
2128;B;Superior;M
5617;C;Fundamental;F
1765;A;Fundamental;M
1480;A;Superior;F
1196;A;Fundamental;F
2076;B;Analfabeto;M
4189;B;Medio;M
2639;B;Analfabeto;F
1414;A;Analfabeto;M
1847;A;Fundamental;M
1937;A;Superior;F
4254;B;Medio;F
4416;B;Analfabeto;M
3607;B;Superior;M
4449;B;Fundamental;F
2744;B;Fundamental;M
4303;B;Superior;F
1698;A;Medio;F
1053;A;Superior;M
5611;C;Analfabeto;M
4557;C;Fundamental;M
4802;C;Medio;F
2387;B;Superior;F
3196;B;Fundamental;F
1880;A;Analfabeto;F
3449;B;Superior;M
3649;B;Superior;F
3413;B;Fundamental;M
4071;B;Medio;F
1218;A;Medio;F
5822;C;Fundamental;F
1672;A;Medio;M
2043;B;Analfabeto;F
3957;B;Analfabeto;M
4119;B;Analfabeto;F
2112;B;Superior;M
2579;B;Superior;M
2126;B;Superior;M
2202;B;Medio;F
4522;C;Fundamental;M
2559;B;Superior;F
3533;B;Medio;M
3859;B;Fundamental;M
2002;B;Superior;M
2647;B;Analfabeto;M
3872;B;Analfabeto;M
3089;B;Fundamental;F
4482;B;Superior;M
5321;C;Fundamental;M
5202;C;Analfabeto;F
4326;B;Superior;M
3084;B;Fundamental;M
4392;B;Superior;F
5754;C;Superior;M
3148;B;Superior;F
1376;A;Analfabeto;F
3106;B;Analfabeto;M
5625;C;Fundamental;F
4932;C;Medio;F
2393;B;Medio;F
1841;A;Analfabeto;M
5013;C;Fundamental;M
1514;A;Fundamental;F
1110;A;Analfabeto;M
3220;B;Fundamental;M
4691;C;Medio;M
5188;C;Superior;M
3688;B;Medio;M
1622;A;Superior;M
4836;C;Superior;F
5278;C;Fundamental;M
2911;B;Analfabeto;M
4124;B;Superior;F
3100;B;Superior;M
1650;A;Medio;M
1399;A;Medio;M
2797;B;Analfabeto;M
4250;B;Fundamental;F
1981;A;Medio;M
1917;A;Fundamental;M
4347;B;Medio;M
1797;A;Fundamental;M
1069;A;Fundamental;M
1727;A;Medio;M
2115;B;Superior;F
1928;A;Analfabeto;F
3359;B;Analfabeto;M
2083;B;Medio;M
2338;B;Superior;M
1952;A;Medio;F
2155;B;Fundamental;F
5320;C;Superior;F
5806;C;Fundamental;F
3733;B;Medio;F
3556;B;Medio;F
1037;A;Superior;F
2791;B;Fundamental;M
5025;C;Fundamental;F
2467;B;Analfabeto;M
4969;C;Superior;F
5265;C;Superior;M
5307;C;Medio;M
4263;B;Superior;F
4320;B;Fundamental;M
5144;C;Medio;F
4425;B;Superior;M
2846;B;Superior;F
1137;A;Analfabeto;F
3264;B;Medio;M
3194;B;Analfabeto;M
4865;C;Superior;F
2665;B;Fundamental;F
1021;A;Medio;M
2673;B;Fundamental;M
1605;A;Fundamental;M
4437;B;Superior;F
2792;B;Analfabeto;M
1208;A;Superior;M
3841;B;Fundamental;F
5833;C;Superior;F
1870;A;Analfabeto;F
2189;B;Fundamental;F
1844;A;Analfabeto;M
1694;A;Fundamental;M
2867;B;Medio;M
4736;C;Superior;F
4363;B;Superior;F
3016;B;Superior;F
1144;A;Analfabeto;F
3388;B;Medio;M
2334;B;Fundamental;F
1729;A;Analfabeto;M
2612;B;Medio;F
2162;B;Analfabeto;M
5322;C;Analfabeto;F
2782;B;Superior;F
5772;C;Superior;M
3734;B;Analfabeto;F
3329;B;Analfabeto;F
3464;B;Fundamental;F
3384;B;Medio;M
4664;C;Medio;F
1716;A;Superior;M
2518;B;Analfabeto;F
5986;C;Fundamental;F
5426;C;Fundamental;M
4006;B;Analfabeto;M
1858;A;Analfabeto;M
5623;C;Superior;M
2263;B;Medio;F
3432;B;Superior;M
2071;B;Analfabeto;M
1278;A;Superior;M
1773;A;Fundamental;F
2142;B;Superior;F
3836;B;Fundamental;M
3326;B;Analfabeto;M
5990;C;Medio;F
2410;B;Fundamental;M
3349;B;Medio;F
5647;C;Analfabeto;F
2373;B;Superior;M
3547;B;Medio;F
3503;B;Superior;F
5698;C;Medio;M
2556;B;Fundamental;F
3266;B;Fundamental;F
5679;C;Medio;M
4143;B;Medio;M
4021;B;Fundamental;M
2766;B;Superior;M
4578;C;Fundamental;F
3395;B;Medio;F
1161;A;Superior;F
3401;B;Fundamental;M
1527;A;Analfabeto;M
5038;C;Analfabeto;F
2534;B;Medio;M
4453;B;Medio;M
4415;B;Analfabeto;F
1639;A;Medio;M
5502;C;Superior;F
2283;B;Analfabeto;F
3511;B;Medio;F
3809;B;Analfabeto;M
1588;A;Fundamental;F
5800;C;Analfabeto;F
5061;C;Fundamental;F
5058;C;Medio;F
3800;B;Superior;F
1450;A;Superior;M
1202;A;Fundamental;F
1379;A;Fundamental;M
2891;B;Superior;M
3929;B;Analfabeto;F
2228;B;Analfabeto;F
4301;B;Medio;M
3493;B;Fundamental;M
3103;B;Superior;M
3429;B;Superior;M
2176;B;Fundamental;M
4256;B;Medio;M
3438;B;Analfabeto;F
3594;B;Fundamental;M
1995;A;Medio;M
2707;B;Medio;M
4054;B;Medio;M
3306;B;Fundamental;M
3405;B;Superior;M
4286;B;Superior;M
1725;A;Medio;F
5538;C;Medio;F
5174;C;Medio;M
2789;B;Superior;M
3707;B;Medio;F
1309;A;Superior;M
4135;B;Fundamental;F
4636;C;Medio;F
3426;B;Fundamental;F
2264;B;Superior;M
3695;B;Analfabeto;F
4266;B;Superior;F
4874;C;Analfabeto;M
2893;B;Medio;F
5242;C;Medio;M
5050;C;Medio;M
3476;B;Analfabeto;M
2747;B;Analfabeto;M
3263;B;Fundamental;M
5103;C;Analfabeto;F
2150;B;Superior;F
1660;A;Fundamental;F
1524;A;Analfabeto;F
1315;A;Fundamental;M
2681;B;Fundamental;F
5956;C;Analfabeto;F
4786;C;Analfabeto;M
3188;B;Medio;F
5179;C;Superior;M
5700;C;Analfabeto;F
4617;C;Analfabeto;M
1189;A;Fundamental;M
5799;C;Superior;M
4477;B;Medio;M
2316;B;Medio;M
4596;C;Analfabeto;F
2753;B;Medio;M
2819;B;Fundamental;F
3691;B;Analfabeto;F
4281;B;Medio;F
4196;B;Medio;F
2058;B;Medio;M
1430;A;Medio;M
1241;A;Medio;F
2748;B;Superior;M
5287;C;Fundamental;F
1062;A;Analfabeto;F
1809;A;Medio;M
2565;B;Superior;F
4896;C;Superior;F
3385;B;Medio;F
4289;B;Analfabeto;M
4648;C;Medio;M
2196;B;Superior;F
5675;C;Fundamental;M
4780;C;Fundamental;M
2994;B;Fundamental;M
3007;B;Medio;F
1828;A;Superior;M
3431;B;Superior;F
3198;B;Superior;F
1299;A;Medio;F
5653;C;Medio;F
2775;B;Fundamental;F
1730;A;Medio;M
3900;B;Analfabeto;F
1230;A;Analfabeto;M
5766;C;Superior;M
1221;A;Medio;M
2524;B;Medio;M
4809;C;Fundamental;F
5896;C;Analfabeto;M
5246;C;Analfabeto;F
2381;B;Fundamental;F
2280;B;Medio;M
2905;B;Superior;M
4750;C;Superior;M
5434;C;Superior;F
3462;B;Medio;F
3114;B;Analfabeto;M
5586;C;Medio;F
4088;B;Superior;F
3592;B;Fundamental;F
5056;C;Analfabeto;M
3004;B;Superior;M
5933;C;Medio;F
1029;A;Fundamental;F
4550;C;Medio;M
3149;B;Analfabeto;F
3982;B;Analfabeto;F
2258;B;Superior;M
3646;B;Medio;M
4577;C;Analfabeto;M
3276;B;Fundamental;M
3221;B;Medio;F
2626;B;Fundamental;M
4486;B;Medio;F
1798;A;Analfabeto;F
3484;B;Fundamental;F
5479;C;Superior;M
5203;C;Superior;M
5276;C;Fundamental;M
3849;B;Medio;F
2159;B;Analfabeto;F
2926;B;Medio;F
4452;B;Fundamental;M
5183;C;Medio;F
4082;B;Analfabeto;M
1115;A;Analfabeto;F
5442;C;Superior;M
4546;C;Fundamental;F
3507;B;Analfabeto;F
4998;C;Superior;M
2407;B;Fundamental;F
2906;B;Medio;M
1759;A;Analfabeto;F
4972;C;Fundamental;M
4952;C;Analfabeto;F
4543;C;Fundamental;M
1472;A;Fundamental;M
3297;B;Analfabeto;F
3165;B;Fundamental;M
5703;C;Medio;F
1684;A;Analfabeto;F
2005;B;Superior;M
1565;A;Fundamental;M
5030;C;Analfabeto;F
3313;B;Analfabeto;M
5881;C;Superior;F
2778;B;Superior;M
5151;C;Fundamental;M
5019;C;Analfabeto;M
3826;B;Fundamental;M
5719;C;Medio;F
2932;B;Superior;F
4769;C;Fundamental;F
2997;B;Medio;F
1479;A;Analfabeto;F
1250;A;Medio;F
4249;B;Superior;F
4864;C;Analfabeto;M
5383;C;Medio;F
3744;B;Fundamental;M
3571;B;Fundamental;M
2980;B;Analfabeto;F
5053;C;Medio;F
3233;B;Superior;F
5903;C;Analfabeto;M
3229;B;Superior;F
5398;C;Fundamental;F
3117;B;Superior;F
2500;B;Analfabeto;M
1443;A;Superior;F
3788;B;Medio;M
2915;B;Superior;F
4030;B;Medio;M
2991;B;Fundamental;F
3956;B;Analfabeto;F
4586;C;Analfabeto;M
5363;C;Analfabeto;F
5498;C;Analfabeto;F
1923;A;Medio;M
3082;B;Medio;F
5928;C;Analfabeto;M
3588;B;Medio;F
3394;B;Fundamental;F
5327;C;Superior;M
3202;B;Medio;F
5067;C;Fundamental;M
4658;C;Fundamental;M
5449;C;Analfabeto;M
1224;A;Superior;F
2587;B;Analfabeto;M
3903;B;Medio;F
4798;C;Analfabeto;F
5362;C;Fundamental;M
3623;B;Medio;F
3379;B;Analfabeto;F
3412;B;Medio;M
3693;B;Fundamental;F
2028;B;Superior;M
3305;B;Fundamental;F
5001;C;Analfabeto;F
3458;B;Fundamental;M
2107;B;Superior;F
2651;B;Analfabeto;F
3451;B;Superior;F
3318;B;Analfabeto;F
3667;B;Superior;F
5554;C;Superior;F
1749;A;Analfabeto;F
4029;B;Analfabeto;M
3098;B;Medio;M
2459;B;Superior;M
4593;C;Analfabeto;F
2638;B;Analfabeto;M
4717;C;Analfabeto;F
4817;C;Superior;M
4698;C;Superior;M
2343;B;Analfabeto;F
1097;A;Analfabeto;F
1583;A;Superior;F
4129;B;Medio;F
4521;C;Medio;F
4659;C;Medio;F
4074;B;Analfabeto;F
1341;A;Superior;F
1339;A;Analfabeto;F
3129;B;Superior;M
3330;B;Medio;M
4483;B;Fundamental;M
3989;B;Medio;M
3316;B;Superior;F
4306;B;Superior;M
1726;A;Superior;M
2616;B;Medio;M
5924;C;Medio;F
1555;A;Fundamental;M
5902;C;Medio;M
1882;A;Medio;F
5294;C;Medio;F
3986;B;Medio;M
4680;C;Medio;F
4178;B;Fundamental;F
1067;A;Medio;F
2244;B;Fundamental;F
2040;B;Fundamental;M
4226;B;Analfabeto;M
5794;C;Fundamental;M
1986;A;Fundamental;F
1896;A;Medio;M
2975;B;Analfabeto;M
1142;A;Superior;F
2269;B;Analfabeto;M
5874;C;Superior;F
3423;B;Superior;M
4427;B;Superior;M
1756;A;Medio;M
4810;C;Superior;M
2169;B;Medio;M
3718;B;Analfabeto;F
4689;C;Fundamental;F
3627;B;Superior;F
2620;B;Analfabeto;M
5483;C;Superior;F
1081;A;Analfabeto;F
2795;B;Fundamental;F
4101;B;Analfabeto;F
2452;B;Medio;F
1998;A;Medio;M
3834;B;Analfabeto;M
2787;B;Fundamental;M
2919;B;Analfabeto;M
5410;C;Medio;M
5660;C;Superior;M
3660;B;Analfabeto;M
5550;C;Fundamental;F
3616;B;Analfabeto;F
1174;A;Superior;F
5645;C;Fundamental;M
4984;C;Superior;F
5192;C;Fundamental;M
2166;B;Medio;M
4336;B;Analfabeto;M
4791;C;Analfabeto;F
2832;B;Analfabeto;F
2183;B;Medio;M
5266;C;Analfabeto;F
5776;C;Analfabeto;M
5008;C;Fundamental;M
5365;C;Superior;F
2918;B;Analfabeto;M
1358;A;Medio;M
5893;C;Medio;M
4370;B;Superior;M
3085;B;Superior;F
5811;C;Superior;M
5871;C;Fundamental;M
1066;A;Superior;M
3960;B;Fundamental;M
4670;C;Fundamental;M
3230;B;Medio;F
5958;C;Medio;F
4383;B;Medio;F
1259;A;Superior;F
3863;B;Fundamental;F
1119;A;Medio;F
4994;C;Superior;F
4616;C;Fundamental;F
1261;A;Superior;F
5910;C;Superior;F
5443;C;Fundamental;F
3933;B;Superior;M
2536;B;Medio;F
2903;B;Fundamental;M
5848;C;Medio;M
5638;C;Fundamental;M
5885;C;Analfabeto;M
3999;B;Fundamental;M
4991;C;Analfabeto;F
1064;A;Analfabeto;F
2585;B;Medio;M
1422;A;Superior;F
1155;A;Analfabeto;F
1466;A;Fundamental;M
2383;B;Fundamental;F
2400;B;Fundamental;F
3895;B;Analfabeto;M
1014;A;Fundamental;M
2430;B;Analfabeto;M
4231;B;Fundamental;M
1374;A;Medio;M
1244;A;Analfabeto;F
4221;B;Superior;M
3033;B;Medio;F
1474;A;Analfabeto;F
3137;B;Analfabeto;F
5970;C;Analfabeto;F
2710;B;Medio;M
5181;C;Superior;F
3904;B;Analfabeto;M
2781;B;Medio;F
2515;B;Fundamental;F
2831;B;Medio;M
2078;B;Fundamental;F
5880;C;Superior;F
2520;B;Medio;F
4175;B;Medio;F
5752;C;Medio;M
5716;C;Medio;M
4327;B;Fundamental;M
2017;B;Medio;F
1321;A;Analfabeto;F
1135;A;Superior;F
1229;A;Analfabeto;M
2208;B;Fundamental;M
1112;A;Superior;M
5346;C;Medio;F
5769;C;Analfabeto;F
2589;B;Analfabeto;M
2167;B;Fundamental;M
5869;C;Superior;F
4855;C;Analfabeto;F
2201;B;Medio;M
4255;B;Superior;M
5411;C;Fundamental;M
1839;A;Superior;M
2798;B;Fundamental;M
3441;B;Fundamental;F
5468;C;Analfabeto;F
4711;C;Fundamental;M
1082;A;Analfabeto;F
2357;B;Superior;M
1668;A;Analfabeto;M
3963;B;Medio;M
1096;A;Fundamental;F
2067;B;Fundamental;F
4234;B;Analfabeto;M
4044;B;Analfabeto;M
4179;B;Analfabeto;M
4068;B;Superior;M
3053;B;Medio;F
5409;C;Analfabeto;M
5839;C;Analfabeto;F
4058;B;Medio;M
3927;B;Superior;F
5634;C;Superior;M
1327;A;Fundamental;M
1675;A;Superior;F
4155;B;Superior;M
5639;C;Superior;F
5635;C;Fundamental;F
1852;A;Analfabeto;M
2621;B;Analfabeto;F
3948;B;Superior;M
2894;B;Medio;M
2947;B;Medio;F
1199;A;Medio;M
4841;C;Fundamental;M
5416;C;Superior;M
1290;A;Superior;F
4092;B;Medio;F
1206;A;Analfabeto;M
5002;C;Fundamental;F
3686;B;Superior;F
2603;B;Medio;M
4132;B;Analfabeto;M
3767;B;Fundamental;M
1295;A;Analfabeto;F
4065;B;Superior;M
3523;B;Superior;M
1702;A;Analfabeto;M
1945;A;Superior;M
1383;A;Medio;F
1691;A;Analfabeto;M
5045;C;Medio;M
3793;B;Superior;F
3225;B;Superior;M
5146;C;Medio;F
5476;C;Fundamental;M
3775;B;Fundamental;M
4611;C;Medio;M
3697;B;Medio;M
5584;C;Analfabeto;M
3612;B;Fundamental;M
5118;C;Superior;M
4274;B;Medio;F
2466;B;Fundamental;F
5515;C;Medio;M
2172;B;Fundamental;F
5493;C;Superior;M
5027;C;Analfabeto;M
4639;C;Medio;F
1801;A;Medio;F
3397;B;Analfabeto;F
1131;A;Fundamental;M
5927;C;Medio;F
5574;C;Medio;F
4923;C;Analfabeto;M
4153;B;Superior;F
4866;C;Superior;F
4883;C;Superior;M
2507;B;Analfabeto;F
3587;B;Medio;F
4140;B;Superior;M
5630;C;Superior;M
5790;C;Fundamental;M
4468;B;Medio;F
1951;A;Analfabeto;F
2149;B;Fundamental;M
1510;A;Analfabeto;F
1034;A;Superior;M
4693;C;Superior;M
4038;B;Analfabeto;F
1492;A;Medio;M
1072;A;Fundamental;M
5683;C;Medio;F
4686;C;Medio;F
2431;B;Analfabeto;M
5565;C;Analfabeto;F
2082;B;Fundamental;M
1666;A;Analfabeto;M
2185;B;Fundamental;F
4304;B;Fundamental;F
2841;B;Analfabeto;M
3248;B;Medio;F
2331;B;Superior;F
1362;A;Medio;M
1983;A;Fundamental;F
5726;C;Superior;M
3912;B;Fundamental;M
4122;B;Fundamental;M
4293;B;Medio;F
5917;C;Fundamental;M
4356;B;Analfabeto;M
5562;C;Analfabeto;M
1214;A;Medio;M
1249;A;Medio;M
3541;B;Fundamental;F
5832;C;Superior;F
4779;C;Fundamental;M
4436;B;Fundamental;M
5721;C;Medio;M
3377;B;Fundamental;M
2161;B;Analfabeto;M
4247;B;Fundamental;F
3189;B;Analfabeto;M
3364;B;Medio;F
2332;B;Superior;F
3931;B;Medio;F
5742;C;Superior;M
3134;B;Analfabeto;F
1272;A;Medio;M
1333;A;Medio;M
5842;C;Fundamental;M
2432;B;Fundamental;M
4302;B;Analfabeto;F
3558;B;Medio;M
3584;B;Superior;M
3369;B;Superior;M
3358;B;Analfabeto;F
2590;B;Medio;F
5094;C;Analfabeto;M
3714;B;Fundamental;F
5130;C;Fundamental;F
5229;C;Superior;F
5381;C;Analfabeto;F
1516;A;Superior;M
2683;B;Analfabeto;F
2907;B;Medio;F
3293;B;Superior;F
1105;A;Medio;F
2424;B;Medio;F
3520;B;Superior;M
4240;B;Medio;M
1710;A;Fundamental;F
1754;A;Superior;F
2214;B;Superior;M
2186;B;Medio;M
3529;B;Fundamental;F
5089;C;Superior;M
5341;C;Fundamental;F
3832;B;Analfabeto;F
4940;C;Analfabeto;M
5302;C;Analfabeto;F
1795;A;Fundamental;M
5544;C;Fundamental;M
4287;B;Fundamental;M
1571;A;Analfabeto;F
1248;A;Analfabeto;M
4398;B;Fundamental;M
5724;C;Medio;F
3720;B;Medio;F
4618;C;Fundamental;M
4455;B;Analfabeto;M
2069;B;Medio;F
5034;C;Analfabeto;M
5532;C;Superior;M
5177;C;Fundamental;F
4863;C;Superior;F
1707;A;Superior;M
5078;C;Medio;F
3218;B;Fundamental;M
2948;B;Fundamental;M
3460;B;Analfabeto;M
4554;C;Fundamental;F
1426;A;Analfabeto;F
3924;B;Analfabeto;M
5718;C;Medio;M
4880;C;Superior;F
4647;C;Fundamental;M
3787;B;Fundamental;F
4187;B;Analfabeto;M
2246;B;Analfabeto;F
2032;B;Fundamental;F
4875;C;Fundamental;M
4555;C;Fundamental;M
4850;C;Medio;M
3961;B;Medio;M
2160;B;Fundamental;M
2158;B;Medio;M
3628;B;Analfabeto;M
4106;B;Fundamental;M
4771;C;Medio;M
1499;A;Superior;F
5831;C;Fundamental;F
3339;B;Fundamental;M
5046;C;Fundamental;F
2184;B;Medio;M
5629;C;Analfabeto;F
5283;C;Fundamental;M
5098;C;Fundamental;F
1866;A;Fundamental;F
3883;B;Medio;F
2937;B;Fundamental;F
4807;C;Medio;M
2237;B;Superior;F
3479;B;Medio;F
2773;B;Superior;M
3457;B;Fundamental;F
1535;A;Fundamental;M
2978;B;Analfabeto;M
1203;A;Fundamental;F
1589;A;Medio;M
3719;B;Analfabeto;F
5961;C;Superior;M
5100;C;Analfabeto;M
1731;A;Analfabeto;M
1829;A;Medio;M
3550;B;Medio;M
4958;C;Analfabeto;F
3821;B;Fundamental;F
5791;C;Medio;F
2886;B;Medio;M
5861;C;Analfabeto;F
3534;B;Superior;F
2884;B;Superior;M
3061;B;Medio;F
4641;C;Medio;M
5132;C;Fundamental;M
5810;C;Analfabeto;F
2141;B;Superior;F
1410;A;Analfabeto;F
3021;B;Medio;M
1366;A;Superior;M
2429;B;Medio;M
2912;B;Fundamental;F
3445;B;Fundamental;M
5251;C;Superior;F
3745;B;Fundamental;F
4023;B;Fundamental;F
3241;B;Superior;F
5957;C;Superior;M
3609;B;Medio;M
3532;B;Medio;F
2628;B;Analfabeto;M
2700;B;Superior;M
4553;C;Analfabeto;M
1440;A;Superior;M
2463;B;Superior;F
2967;B;Superior;M
4169;B;Medio;M
1051;A;Fundamental;M
4508;C;Medio;F
3440;B;Medio;F
5482;C;Superior;M
2398;B;Superior;M
2909;B;Analfabeto;F
4118;B;Fundamental;M
2550;B;Fundamental;F
3908;B;Analfabeto;M
5678;C;Superior;F
1689;A;Fundamental;F
2108;B;Fundamental;F
4400;B;Superior;F
1313;A;Medio;F
2024;B;Medio;F
1303;A;Analfabeto;F
2198;B;Medio;F
3489;B;Analfabeto;M
5789;C;Analfabeto;F
4003;B;Analfabeto;M
5196;C;Fundamental;M
1980;A;Fundamental;M
2698;B;Medio;M
5160;C;Fundamental;F
1304;A;Superior;M
1585;A;Fundamental;M
4076;B;Medio;M
2191;B;Medio;F
4095;B;Analfabeto;M
4265;B;Superior;F
5096;C;Superior;F
5972;C;Superior;F
2096;B;Superior;F
4312;B;Fundamental;F
4335;B;Medio;F
3645;B;Superior;F
1408;A;Superior;F
4239;B;Fundamental;F
3542;B;Medio;M
2497;B;Medio;F
4050;B;Superior;M
4484;B;Fundamental;F
5159;C;Fundamental;M
3772;B;Fundamental;M
3068;B;Superior;M
2984;B;Medio;M
1846;A;Medio;M
2205;B;Superior;F
4183;B;Fundamental;M
2987;B;Medio;M
3618;B;Fundamental;M
2863;B;Medio;F
5851;C;Fundamental;M
3271;B;Fundamental;M
2472;B;Superior;F
2746;B;Medio;F
4700;C;Superior;F
3670;B;Superior;M
3073;B;Analfabeto;M
2970;B;Fundamental;M
5004;C;Superior;M
1811;A;Medio;F
2521;B;Analfabeto;F
4284;B;Medio;M
5101;C;Analfabeto;M
5783;C;Fundamental;F
4701;C;Medio;M
3050;B;Fundamental;M
3102;B;Superior;F
2299;B;Superior;F
2608;B;Medio;F
4739;C;Superior;M
2009;B;Superior;M
5546;C;Superior;M
5817;C;Fundamental;F
2421;B;Medio;M
1520;A;Fundamental;M
5217;C;Fundamental;M
1283;A;Superior;F
4774;C;Superior;F
2619;B;Analfabeto;M
5973;C;Fundamental;F
1752;A;Fundamental;M
4145;B;Superior;F
5066;C;Fundamental;F
1957;A;Medio;F
4172;B;Analfabeto;F
4996;C;Analfabeto;F
3373;B;Fundamental;M
5801;C;Fundamental;M
1438;A;Medio;M
1601;A;Medio;M
3123;B;Superior;F
4925;C;Superior;F
2351;B;Analfabeto;F
3669;B;Fundamental;F
4803;C;Analfabeto;M
5686;C;Medio;F
4552;C;Analfabeto;M
3919;B;Medio;M
3320;B;Superior;F
4130;B;Analfabeto;F
2133;B;Superior;M
4673;C;Fundamental;F
1760;A;Superior;F
5180;C;Fundamental;F
2943;B;Medio;M
2489;B;Medio;M
5999;C;Superior;M
3650;B;Fundamental;M
4985;C;Analfabeto;F
2813;B;Superior;M
4945;C;Superior;F
5825;C;Fundamental;F
1318;A;Analfabeto;M
2401;B;Medio;M
5600;C;Medio;F
1687;A;Fundamental;F
4703;C;Analfabeto;F
5291;C;Analfabeto;M
4069;B;Fundamental;M
5796;C;Fundamental;F
1926;A;Medio;F
4845;C;Fundamental;F
5911;C;Analfabeto;F
2834;B;Medio;M
4976;C;Fundamental;F
2391;B;Fundamental;M
3504;B;Superior;M
3228;B;Analfabeto;F
1463;A;Fundamental;M
5480;C;Analfabeto;F
3486;B;Fundamental;F
2001;B;Medio;M
3000;B;Superior;M
3749;B;Analfabeto;M
2951;B;Analfabeto;F
1854;A;Superior;M
1177;A;Analfabeto;F
2528;B;Analfabeto;M
1612;A;Superior;M
4928;C;Analfabeto;F
1595;A;Analfabeto;F
3252;B;Superior;F
2727;B;Analfabeto;M
2341;B;Medio;M
4678;C;Superior;M
3870;B;Superior;F
4438;B;Superior;F
3095;B;Fundamental;M
3107;B;Analfabeto;F
3131;B;Medio;M
2261;B;Medio;F
2034;B;Medio;F
4685;C;Medio;M
5079;C;Fundamental;F
2800;B;Analfabeto;M
1931;A;Analfabeto;M
2961;B;Medio;F
1614;A;Analfabeto;M
5354;C;Medio;F
3067;B;Superior;F
4040;B;Analfabeto;F
2567;B;Medio;F
4726;C;Superior;F
3078;B;Medio;F
1166;A;Fundamental;M
3161;B;Superior;F
2510;B;Analfabeto;M
1562;A;Fundamental;F
5566;C;Analfabeto;M
5334;C;Superior;M
5664;C;Superior;F
4980;C;Medio;F
3174;B;Medio;F
1714;A;Fundamental;M
3508;B;Superior;F
2601;B;Medio;F
4480;B;Analfabeto;F
5650;C;Fundamental;F
2304;B;Analfabeto;F
3210;B;Analfabeto;M
5326;C;Fundamental;M
1406;A;Superior;F
1618;A;Fundamental;M
4955;C;Medio;M
4960;C;Superior;F
3360;B;Medio;M
2801;B;Medio;M
1253;A;Medio;M
4472;B;Analfabeto;F
1332;A;Fundamental;F
3941;B;Medio;M
5684;C;Fundamental;F
5736;C;Analfabeto;F
5377;C;Fundamental;M
2486;B;Analfabeto;F
3056;B;Superior;F
5128;C;Superior;F
2995;B;Medio;F
3876;B;Medio;M
5612;C;Medio;M
1398;A;Analfabeto;F
3896;B;Analfabeto;F
3501;B;Superior;F
2653;B;Superior;F
3214;B;Medio;F
1239;A;Superior;M
5367;C;Superior;F
2526;B;Analfabeto;F
3792;B;Superior;F
5232;C;Analfabeto;F
3712;B;Analfabeto;F
2820;B;Fundamental;F
2027;B;Superior;F
2969;B;Fundamental;F
1126;A;Medio;F
1963;A;Medio;M
4654;C;Medio;F
4389;B;Medio;F
2059;B;Medio;M
2851;B;Fundamental;M
5305;C;Superior;M
2494;B;Superior;F
4894;C;Analfabeto;F
4332;B;Superior;F
3770;B;Medio;F
5571;C;Fundamental;F
4778;C;Analfabeto;F
2690;B;Analfabeto;M
3811;B;Superior;F
3651;B;Analfabeto;F
1448;A;Analfabeto;M
5682;C;Fundamental;M
1227;A;Analfabeto;M
2137;B;Analfabeto;M
3977;B;Fundamental;M
5439;C;Superior;M
3535;B;Analfabeto;M
2090;B;Medio;M
2350;B;Medio;F
1813;A;Medio;F
1659;A;Superior;M
3444;B;Analfabeto;M
2655;B;Analfabeto;F
1036;A;Analfabeto;F
5345;C;Superior;F
2390;B;Superior;F
2106;B;Medio;F
5764;C;Superior;F
1997;A;Fundamental;M
1146;A;Analfabeto;F
3259;B;Fundamental;M
3871;B;Medio;F
4244;B;Medio;F
4674;C;Fundamental;F
1200;A;Analfabeto;F
2317;B;Medio;F
2433;B;Medio;F
1742;A;Superior;M
1944;A;Superior;M
1117;A;Fundamental;M
5919;C;Medio;F
1195;A;Medio;M
